anzahl;vorname;geschlecht;position
257;Marie;w;2
170;Sophie;w;2
144;Maria;w;2
109;Noah;m;1
104;Marie;w;1
103;Emilia;w;1
95;Paul;m;1
89;Ben;m;1
87;Mia;w;1
84;Jonas;m;1
82;Mila;w;1
79;Lina;w;1
78;Anton;m;1
77;Tom;m;1
76;Alexander;m;2
76;Emma;w;1
76;Leon;m;1
74;Anna;w;1
72;Lea;w;1
71;Felix;m;1
65;Elias;m;1
65;Oskar;m;1
64;Ella;w;1
62;Maximilian;m;2
61;Liam;m;1
60;Theo;m;1
57;Katharina;w;2
57;Jakob;m;1
57;Leo;m;1
56;Charlotte;w;1
56;Clara;w;1
56;Leni;w;1
56;Leonard;m;1
55;Henry;m;1
54;Maximilian;m;1
53;Lena;w;1
53;Sophia;w;1
52;Sophie;w;1
52;David;m;1
52;Luis;m;1
52;Moritz;m;1
51;Greta;w;1
51;Jonathan;m;1
50;Leonie;w;1
50;Finn;m;1
50;Milan;m;1
48;Julian;m;1
48;Mats;m;1
47;Luca;m;1
46;Elif;w;1
45;Julius;m;1
44;Charlotte;w;2
44;Lara;w;1
44;Paula;w;1
43;Emily;w;1
43;Hanna;w;1
43;Luisa;w;1
43;Mina;w;1
43;Adam;m;1
42;Elisabeth;w;2
42;Johanna;w;2
42;Tim;m;1
42;Vincent;m;1
41;Ida;w;1
41;Louis;m;1
40;Elias;m;2
40;Elisa;w;1
40;Hannah;w;1
40;Alexander;m;1
40;Lukas;m;1
39;Johanna;w;1
39;Klara;w;1
38;Mira;w;1
38;Henri;m;1
37;Lia;w;1
37;Mathilda;w;1
37;Emil;m;1
36;Paul;m;2
36;Matilda;w;1
36;Sofia;w;1
36;Max;m;1
35;Nele;w;1
35;Jan;m;1
34;Frida;w;1
34;Nora;w;1
34;Levi;m;1
33;Amelie;w;1
32;Ali;m;2
32;Anton;m;2
32;Anna;w;2
32;Emilia;w;2
32;Luise;w;2
32;Sophia;w;2
32;Emir;m;1
32;Frieda;w;1
32;Karl;m;1
32;Marlene;w;1
32;Yusuf;m;1
32;Tilda;w;1
31;Samuel;m;1
31;Lotta;w;1
31;Theodor;m;1
31;Maja;w;1
31;Romy;w;1
30;Benjamin;m;1
30;Matteo;m;1
30;Niklas;m;1
29;Mara;w;1
29;Maria;w;1
29;Philipp;m;1
28;Johann;m;2
28;Nur;w;2
28;Maya;w;1
28;Mika;m;1
28;Melina;w;1
28;Sarah;w;1
27;David;m;2
27;Amalia;w;1
27;Antonia;w;1
27;Ela;w;1
27;Laura;w;1
27;Lisa;w;1
26;Luisa;w;2
26;Erik;m;1
26;Fabian;m;1
26;Gabriel;m;1
26;Helena;w;1
26;Sara;w;1
25;Jakob;m;2
25;Peter;m;2
25;Daniel;m;1
25;Lian;m;1
25;Alina;w;1
25;Carla;w;1
25;Isabella;w;1
25;Jana;w;1
24;Johannes;m;2
24;Josefine;w;2
24;Ali;m;1
24;Johann;m;1
24;Jonah;m;1
24;Piet;m;1
24;Carlotta;w;1
24;Julia;w;1
24;Lilly;w;1
23;Karl;m;2
23;Valentin;m;2
23;Ava;w;1
23;Elena;w;1
22;Elisa;w;2
22;Adrian;m;1
22;Jasper;m;1
22;Mateo;m;1
22;Ole;m;1
22;Simon;m;1
22;Juna;w;1
22;Louisa;w;1
22;Victoria;w;1
21;Felix;m;2
21;Gabriel;m;2
21;Henry;m;2
21;Pauline;w;2
21;Josef;m;2
21;Philipp;m;2
21;Bruno;m;1
21;Carl;m;1
21;Johannes;m;1
21;Joshua;m;1
21;Malik;m;1
21;Alessia;w;1
21;Olivia;w;1
21;Pauline;w;1
20;Victoria;w;2
20;Ilyas;m;1
20;Leonardo;m;1
20;Milo;m;1
20;Toni;m;1
20;Valentin;m;1
20;Zoe;w;1
19;Emil;m;2
19;Jannis;m;1
19;Karla;w;1
19;Jona;m;1
19;Luise;w;1
19;Luna;w;1
19;Thea;w;1
19;Zeynep;w;1
18;Maria;w;3
18;Marlene;w;2
18;Benjamin;m;2
18;Jonathan;m;2
18;Julius;m;2
18;Leonard;m;2
18;Matthias;m;2
18;Michael;m;2
18;Noah;m;2
18;Aaron;m;1
18;Kian;m;1
18;Marlon;m;1
18;Muhammed;m;1
18;Liya;w;1
18;Till;m;1
18;Paulina;w;1
18;Ömer;m;1
17;Louise;w;2
17;Eva;w;1
17;Benedikt;m;1
17;Luana;w;1
17;Constantin;m;1
17;Meryem;w;1
17;Luan;m;1
17;Stella;w;1
16;Josephine;w;2
16;Sofia;w;2
16;Su;w;2
16;Jan;m;2
16;Julian;m;2
16;Luca;m;2
16;Lukas;m;2
16;Alessio;m;1
16;Elina;w;1
16;Emilio;m;1
16;Josefine;w;1
16;Jonte;m;1
16;Merle;w;1
16;Justus;m;1
16;Milla;w;1
16;Kaan;m;1
16;Rosa;w;1
16;Mikail;m;1
16;Timo;m;1
15;Matilda;w;2
15;Daniel;m;2
15;Alma;w;1
15;Amelia;w;1
15;Carlo;m;1
15;Amina;w;1
15;Frederik;m;1
15;Hira;w;1
15;Kilian;m;1
15;Pia;w;1
15;Nils;m;1
14;Rose;w;2
14;Friedrich;m;2
14;Leon;m;2
14;Levi;m;2
14;Sebastian;m;2
14;Isabel;w;1
14;Ferdinand;m;1
14;Isabelle;w;1
14;Lennard;m;1
14;Jule;w;1
14;Lucas;m;1
14;Katharina;w;1
14;Luka;m;1
14;Liv;w;1
14;Rafael;m;1
14;Raphael;m;1
13;Can;m;2
13;Jonas;m;2
13;Louis;m;2
13;Maria;m;2
13;Martin;m;2
13;Alva;w;1
13;Finja;w;1
13;Benno;m;1
13;Linda;w;1
13;Deniz;m;1
13;Nina;w;1
13;Emilian;m;1
13;Viola;w;1
13;Florian;m;1
13;Fritz;m;1
13;Hannes;m;1
13;Jannik;m;1
13;Maxim;m;1
13;Nick;m;1
13;Pepe;m;1
13;Sam;m;1
12;Isabella;w;2
12;Julia;w;2
12;Louisa;w;2
12;Ferdinand;m;2
12;Georg;m;2
12;Oskar;m;2
12;Samuel;m;2
12;Theodor;m;2
12;Alice;w;1
12;Ayla;w;1
12;Elisabeth;w;1
12;Emmi;w;1
12;Fiona;w;1
12;Josephine;w;1
12;Lana;w;1
12;Leyla;w;1
12;Arian;m;1
12;Malia;w;1
12;Damian;m;1
12;Nisa;w;1
12;Linus;m;1
12;Matti;m;1
12;Mert;m;1
12;Miraç;m;1
12;Mohammed;m;1
11;Sophie;w;3
11;Lena;w;2
11;Magdalena;w;2
11;Valentina;w;2
11;Carl;m;2
11;Finn;m;2
11;Frederik;m;2
11;Henri;m;2
11;Leo;m;2
11;Wilhelm;m;2
11;Aaliyah;w;1
11;Aleyna;w;1
11;Anastasia;w;1
11;Aurora;w;1
11;Ellen;w;1
11;Amin;m;1
11;Emilie;w;1
11;Arthur;m;1
11;Miray;w;1
11;Konstantin;m;1
11;Nela;w;1
11;Lasse;m;1
11;Lennox;m;1
11;Lias;m;1
11;Lio;m;1
11;Martin;m;1
11;Mohamed;m;1
11;Mohammad;m;1
11;Musa;m;1
11;Nicolas;m;1
11;Philip;m;1
11;Rayan;m;1
11;Robin;m;1
10;Marie;w;3
10;Carlotta;w;2
10;Christina;w;2
10;Elif;w;2
10;Elise;w;2
10;Emma;w;2
10;Grace;w;2
10;Mathilda;w;2
10;Mia;w;2
10;Rosa;w;2
10;Sofie;w;2
10;Andreas;m;2
10;Antonio;m;2
10;Emir;m;2
10;Heinrich;m;2
10;Joel;m;2
10;Liam;m;2
10;Milan;m;2
10;Noel;m;2
10;Aurelia;w;1
10;Azra;w;1
10;Diana;w;1
10;Elli;w;1
10;Enna;w;1
10;Laila;w;1
10;Lene;w;1
10;Liana;w;1
10;Melissa;w;1
10;Milana;w;1
10;Valentina;w;1
10;Viktoria;w;1
10;Aras;m;1
10;Ayaz;m;1
10;Enes;m;1
10;Enno;m;1
10;Eymen;m;1
10;Henrik;m;1
10;Hugo;m;1
10;Joel;m;1
10;John;m;1
10;Levin;m;1
10;Mustafa;m;1
10;Nico;m;1
10;Silas;m;1
9;Elisabeth;w;3
9;Alexandra;w;2
9;Antonia;w;2
9;Eleni;w;2
9;Franziska;w;2
9;Helena;w;2
9;Malou;w;2
9;Mina;w;2
9;Philippa;w;2
9;Theresa;w;2
9;Viktoria;w;2
9;Bo;m;2
9;Christian;m;2
9;Emin;m;2
9;Fabian;m;2
9;Fritz;m;2
9;Joshua;m;2
9;Luis;m;2
9;Malik;m;2
9;Matteo;m;2
9;Maxim;m;2
9;Ole;m;2
9;Alicia;w;1
9;Aliyah;w;1
9;Amira;w;1
9;Amy;w;1
9;Anni;w;1
9;Aylin;w;1
9;Ellie;w;1
9;Fatima;w;1
9;Giulia;w;1
9;Helen;w;1
9;Lola;w;1
9;Lorena;w;1
9;Lotte;w;1
9;Alessandro;m;1
9;Malina;w;1
9;Bela;m;1
9;Martha;w;1
9;Caspar;m;1
9;Melek;w;1
9;Filip;m;1
9;Milena;w;1
9;Ibrahim;m;1
9;Mona;w;1
9;Jaron;m;1
9;Nila;w;1
9;Joris;m;1
9;Pina;w;1
9;Lennart;m;1
9;Selma;w;1
9;Lenny;m;1
9;Sofie;w;1
9;Mahir;m;1
9;Theresa;w;1
9;Michel;m;1
9;Yuna;w;1
9;Miran;m;1
9;Zehra;w;1
9;Pablo;m;1
9;Phil;m;1
9;Umut;m;1
9;Yiğit;m;1
8;Elena;w;2
8;Felicitas;w;2
8;Greta;w;2
8;Helene;w;2
8;Klara;w;2
8;Leonie;w;2
8;Lina;w;2
8;Lou;w;2
8;Lynn;w;2
8;Adam;m;2
8;Efe;m;2
8;Emilio;m;2
8;Franz;m;2
8;Linus;m;2
8;Mario;m;2
8;Max;m;2
8;Moritz;m;2
8;Nicolas;m;2
8;Raphael;m;2
8;Rolf;m;2
8;Salvatore;m;2
8;Adriana;w;1
8;Cleo;w;1
8;Esila;w;1
8;Esma;w;1
8;Ahmet;m;1
8;Flora;w;1
8;Alan;m;1
8;Helene;w;1
8;Bilal;m;1
8;Leana;w;1
8;Can;m;1
8;Lilli;w;1
8;Diego;m;1
8;Louise;w;1
8;Dominik;m;1
8;Lucia;w;1
8;Elia;m;1
8;Lucy;w;1
8;Eliah;m;1
8;Malou;w;1
8;Elyas;m;1
8;Marla;w;1
8;Emin;m;1
8;Mayla;w;1
8;Eric;m;1
8;Nika;w;1
8;Fabio;m;1
8;Selina;w;1
8;Giuliano;m;1
8;Zoé;w;1
8;Hamza;m;1
8;James;m;1
8;Jannes;m;1
8;Joscha;m;1
8;Juri;m;1
8;Kaspar;m;1
8;Kenan;m;1
8;Kerem;m;1
8;Kiyan;m;1
8;Mark;m;1
8;Matthias;m;1
8;Mattis;m;1
8;Noel;m;1
8;Oliver;m;1
8;Omar;m;1
8;Sebastian;m;1
8;Selim;m;1
8;Titus;m;1
8;Tobias;m;1
7;Amalia;w;2
7;Amelie;w;2
7;Christine;w;2
7;Ela;w;2
7;Lia;w;2
7;Liv;w;2
7;Lotta;w;2
7;Lucia;w;2
7;Margarete;w;2
7;Olivia;w;2
7;Paulina;w;2
7;Angelo;m;2
7;Ben;m;2
7;Bruno;m;2
7;Hans;m;2
7;Justus;m;2
7;Kaan;m;2
7;Philip;m;2
7;Vincent;m;2
7;Alea;w;1
7;Alisa;w;1
7;Ariana;w;1
7;Chiara;w;1
7;Dana;w;1
7;Eda;w;1
7;Eslem;w;1
7;Gloria;w;1
7;Jasmin;w;1
7;Kira;w;1
7;Leona;w;1
7;Liah;w;1
7;Liara;w;1
7;Maryam;w;1
7;Michelle;w;1
7;Miriam;w;1
7;Noemi;w;1
7;Ronja;w;1
7;Rosalie;w;1
7;Abdullah;m;1
7;Sena;w;1
7;Ahmad;m;1
7;Tara;w;1
7;Alex;m;1
7;Tuana;w;1
7;Alexandros;m;1
7;Valerie;w;1
7;Amir;m;1
7;Vanessa;w;1
7;Anas;m;1
7;Aron;m;1
7;Aurelio;m;1
7;Christian;m;1
7;Francesco;m;1
7;Frederick;m;1
7;Giuseppe;m;1
7;Hendrik;m;1
7;Ilay;m;1
7;Ivan;m;1
7;Jaro;m;1
7;Leandro;m;1
7;Leopold;m;1
7;Lion;m;1
7;Lionel;m;1
7;Luke;m;1
7;Marko;m;1
7;Nathan;m;1
7;Neo;m;1
7;Oscar;m;1
7;Semih;m;1
7;Thiago;m;1
6;Martin;m;3
6;Wilhelm;m;3
6;Charlotte;w;3
6;Katharina;w;3
6;Alina;w;2
6;Clara;w;2
6;Ellen;w;2
6;Frieda;w;2
6;Hanna;w;2
6;Julie;w;2
6;Lilly;w;2
6;Lotte;w;2
6;Marleen;w;2
6;Nina;w;2
6;Adrian;m;2
6;Arthur;m;2
6;Asaf;m;2
6;August;m;2
6;Benedikt;m;2
6;Constantin;m;2
6;Eren;m;2
6;Francesco;m;2
6;Halis;m;2
6;Hannes;m;2
6;Hasan;m;2
6;Ibrahim;m;2
6;Jasper;m;2
6;Jonah;m;2
6;Konstantin;m;2
6;Leandro;m;2
6;Miguel;m;2
6;Niklas;m;2
6;Rafael;m;2
6;Theo;m;2
6;Thomas;m;2
6;Wolfgang;m;2
6;Alexandra;w;1
6;Amine;w;1
6;Annika;w;1
6;Aria;w;1
6;Dalia;w;1
6;Daria;w;1
6;Eleni;w;1
6;Eliana;w;1
6;Elise;w;1
6;Eylül;w;1
6;Felicitas;w;1
6;Filippa;w;1
6;Fritzi;w;1
6;Helin;w;1
6;Jolina;w;1
6;Leia;w;1
6;Lilia;w;1
6;Linn;w;1
6;Livia;w;1
6;Lou;w;1
6;Magdalena;w;1
6;Malak;w;1
6;Adriano;m;1
6;Medina;w;1
6;Antonio;m;1
6;Philippa;w;1
6;Ari;m;1
6;Selin;w;1
6;Armin;m;1
6;Tessa;w;1
6;Arne;m;1
6;Valeria;w;1
6;Ayoub;m;1
6;Zoey;w;1
6;Charlie;m;1
6;Dean;m;1
6;Devran;m;1
6;Elian;m;1
6;Eliano;m;1
6;Jacob;m;1
6;Jakub;m;1
6;Jano;m;1
6;Jayden;m;1
6;Johan;m;1
6;Karlo;m;1
6;Kuzey;m;1
6;Lars;m;1
6;Leander;m;1
6;Michael;m;1
6;Mio;m;1
6;Nevio;m;1
6;Nikolas;m;1
6;Robert;m;1
6;Sami;m;1
6;Severin;m;1
6;Timur;m;1
6;Yannick;m;1
5;Peter;m;3
5;Aurelia;w;2
5;Ava;w;2
5;Barbara;w;2
5;Carla;w;2
5;Christin;w;2
5;Eleonore;w;2
5;Ella;w;2
5;Florentine;w;2
5;Freya;w;2
5;Hannah;w;2
5;Ida;w;2
5;Isabel;w;2
5;Jolie;w;2
5;Lea;w;2
5;Leia;w;2
5;Malin;w;2
5;May;w;2
5;Maya;w;2
5;Melek;w;2
5;Meryem;w;2
5;Naz;w;2
5;Renate;w;2
5;Sara;w;2
5;Teresa;w;2
5;Zeynep;w;2
5;Alp;m;2
5;Arian;m;2
5;Caspar;m;2
5;Casper;m;2
5;Christoph;m;2
5;Cornelius;m;2
5;Enno;m;2
5;Giuseppe;m;2
5;Gustav;m;2
5;Hamza;m;2
5;Hermann;m;2
5;Jacob;m;2
5;Jona;m;2
5;Konrad;m;2
5;Leonardo;m;2
5;Lino;m;2
5;Luan;m;2
5;Luke;m;2
5;Mattis;m;2
5;Mehmet;m;2
5;Mika;m;2
5;Milo;m;2
5;Musa;m;2
5;Oscar;m;2
5;René;m;2
5;Richard;m;2
5;Robert;m;2
5;Simon;m;2
5;Stefan;m;2
5;Tom;m;2
5;Ulrich;m;2
5;Uwe;m;2
5;Valentino;m;2
5;Yusuf;m;2
5;Ada;w;1
5;Ahsen;w;1
5;Aliya;w;1
5;Annabell;w;1
5;Anouk;w;1
5;Arina;w;1
5;Arya;w;1
5;Asya;w;1
5;Ayşe;w;1
5;Camille;w;1
5;Cataleya;w;1
5;Ceylin;w;1
5;Damla;w;1
5;Edda;w;1
5;Eleonora;w;1
5;Emelie;w;1
5;Florentine;w;1
5;Hana;w;1
5;Hedi;w;1
5;Jonna;w;1
5;Julie;w;1
5;Leonora;w;1
5;Lynn;w;1
5;Ahmed;m;1
5;Maila;w;1
5;Andreas;m;1
5;Marina;w;1
5;Berat;m;1
5;Marta;w;1
5;Devin;m;1
5;Meyra;w;1
5;Edgar;m;1
5;Natalie;w;1
5;Efe;m;1
5;Ruby;w;1
5;Elijah;m;1
5;Soraya;w;1
5;Eray;m;1
5;Talia;w;1
5;Fiete;m;1
5;Vivien;w;1
5;Friedrich;m;1
5;Fynn;m;1
5;Gustav;m;1
5;İlyas;m;1
5;Jack;m;1
5;Jamie;m;1
5;Janis;m;1
5;Janosch;m;1
5;Jorin;m;1
5;Karim;m;1
5;Kerim;m;1
5;Konrad;m;1
5;Laurenz;m;1
5;Leano;m;1
5;Len;m;1
5;Levian;m;1
5;Malte;m;1
5;Marc;m;1
5;Marco;m;1
5;Mattia;m;1
5;Mete;m;1
5;Mick;m;1
5;Miguel;m;1
5;Mike;m;1
5;Nicklas;m;1
5;Nikita;m;1
5;Onur;m;1
5;Roman;m;1
5;Salvatore;m;1
5;Thilo;m;1
5;Thomas;m;1
5;Victor;m;1
5;Yasin;m;1
5;Yassin;m;1
5;Younes;m;1
4;Karl;m;3
4;Maria;m;3
4;Maximilian;m;3
4;Wolfgang;m;3
4;Dorothea;w;3
4;Josefine;w;3
4;Luise;w;3
4;Renate;w;3
4;Ada;w;2
4;Ahmed;w;2
4;Amélie;w;2
4;Anastasia;w;2
4;Antonella;w;2
4;Caroline;w;2
4;Celina;w;2
4;Chiara;w;2
4;Chloé;w;2
4;Claire;w;2
4;Claudia;w;2
4;Fiona;w;2
4;Frida;w;2
4;Hazal;w;2
4;Helen;w;2
4;Isabelle;w;2
4;Jane;w;2
4;Joleen;w;2
4;Juna;w;2
4;Kristin;w;2
4;Leni;w;2
4;Leyla;w;2
4;Lisa;w;2
4;Liya;w;2
4;Madita;w;2
4;Maja;w;2
4;Mara;w;2
4;Margaretha;w;2
4;Martha;w;2
4;Mathilde;w;2
4;Mila;w;2
4;Mira;w;2
4;Paula;w;2
4;Sabine;w;2
4;Sultan;w;2
4;Thea;w;2
4;Theodora;w;2
4;Valeria;w;2
4;Zoé;w;2
4;Ahmad;m;2
4;Albert;m;2
4;Bastian;m;2
4;Bela;m;2
4;Connor;m;2
4;Deniz;m;2
4;Dirk;m;2
4;Elijah;m;2
4;Emilian;m;2
4;Emre;m;2
4;Fiete;m;2
4;Gerhard;m;2
4;Henning;m;2
4;Henrik;m;2
4;Ilyas;m;2
4;James;m;2
4;Janosch;m;2
4;Kasimir;m;2
4;Leander;m;2
4;Lee;m;2
4;Leopold;m;2
4;Lucas;m;2
4;Ludwig;m;2
4;Luka;m;2
4;Magnus;m;2
4;Manfred;m;2
4;Matti;m;2
4;Maurice;m;2
4;Mert;m;2
4;Michel;m;2
4;Mirza;m;2
4;Neo;m;2
4;Oliver;m;2
4;Pablo;m;2
4;Pepe;m;2
4;Rudolf;m;2
4;Severin;m;2
4;Singh;m;2
4;Thore;m;2
4;Willem;m;2
4;Willi;m;2
4;William;m;2
4;Almira;w;1
4;Alya;w;1
4;Amilia;w;1
4;Amélie;w;1
4;Angelina;w;1
4;Anisa;w;1
4;Annabelle;w;1
4;Celina;w;1
4;Defne;w;1
4;Dilara;w;1
4;Ece;w;1
4;Eliz;w;1
4;Elsa;w;1
4;Emely;w;1
4;Evin;w;1
4;Fatma;w;1
4;Franziska;w;1
4;Freda;w;1
4;Freya;w;1
4;Gioia;w;1
4;Hafsa;w;1
4;Hatice;w;1
4;Hilda;w;1
4;Iman;w;1
4;Isabell;w;1
4;Jara;w;1
4;Juli;w;1
4;Juno;w;1
4;Layla;w;1
4;Leah;w;1
4;Letizia;w;1
4;Liliana;w;1
4;Lucie;w;1
4;Madita;w;1
4;Maia;w;1
4;Adem;m;1
4;Marleen;w;1
4;Adil;m;1
4;Marlena;w;1
4;Albert;m;1
4;Matea;w;1
4;Alberto;m;1
4;Mathilde;w;1
4;Alexandru;m;1
4;Melike;w;1
4;Amar;m;1
4;Melin;w;1
4;Amaru;m;1
4;Melis;w;1
4;Angelo;m;1
4;Merve;w;1
4;Arion;m;1
4;Naomi;w;1
4;Atilla;m;1
4;Narin;w;1
4;Bastian;m;1
4;Neyla;w;1
4;Bennet;m;1
4;Nilay;w;1
4;Bo;m;1
4;Nour;w;1
4;Bryan;m;1
4;Nova;w;1
4;Chris;m;1
4;Philine;w;1
4;Christopher;m;1
4;Runa;w;1
4;Darian;m;1
4;Safiya;w;1
4;Dominic;m;1
4;Sina;w;1
4;Ediz;m;1
4;Tiara;w;1
4;Eduard;m;1
4;Vera;w;1
4;Ege;m;1
4;Wilma;w;1
4;Emre;m;1
4;Yasmin;w;1
4;Fred;m;1
4;Zeyneb;w;1
4;Hasan;m;1
4;Jari;m;1
4;Kalle;m;1
4;Kemal;m;1
4;Kevin;m;1
4;Koray;m;1
4;Lean;m;1
4;Lenn;m;1
4;Liyan;m;1
4;Lorenzo;m;1
4;Mads;m;1
4;Matheo;m;1
4;Maurice;m;1
4;Murat;m;1
4;Nael;m;1
4;Nelson;m;1
4;Nik;m;1
4;Niko;m;1
4;Peter;m;1
4;Phillip;m;1
4;Pius;m;1
4;Renas;m;1
4;Romeo;m;1
4;Ryan;m;1
4;Said;m;1
4;Seyyid;m;1
4;Taavi;m;1
4;Talha;m;1
4;Tristan;m;1
4;Vincenzo;m;1
4;Willem;m;1
4;William;m;1
4;Yannik;m;1
4;Yousef;m;1
4;Youssef;m;1
4;Yunus;m;1
4;Yusef;m;1
4;Özgür;m;1
3;Maria;m;4
3;Ali;m;3
3;Anton;m;3
3;Can;m;3
3;Elias;m;3
3;Anna;w;3
3;Emil;m;3
3;Helene;w;3
3;Friedrich;m;3
3;Henriette;w;3
3;Johannes;m;3
3;Ingrid;w;3
3;Jürgen;m;3
3;Michael;m;3
3;Paul;m;3
3;Philipp;m;3
3;Richard;m;3
3;Sebastian;m;3
3;Siegfried;m;3
3;Simon;m;3
3;Ahsen;w;2
3;Alessia;w;2
3;Aline;w;2
3;Alva;w;2
3;Anni;w;2
3;Azra;w;2
3;Catharina;w;2
3;Daniela;w;2
3;Dorothea;w;2
3;Ece;w;2
3;Edith;w;2
3;Elea;w;2
3;Emilie;w;2
3;Eva;w;2
3;Filippa;w;2
3;Flora;w;2
3;Giulia;w;2
3;Hatice;w;2
3;Hedi;w;2
3;Henrike;w;2
3;Hermine;w;2
3;Ilaria;w;2
3;Ira;w;2
3;Karin;w;2
3;Karla;w;2
3;Karlotta;w;2
3;Karoline;w;2
3;Kaur;w;2
3;Kiana;w;2
3;Lara;w;2
3;Laura;w;2
3;Leonor;w;2
3;Leonore;w;2
3;Livia;w;2
3;Luna;w;2
3;Luzie;w;2
3;Madeleine;w;2
3;Madlene;w;2
3;Manuela;w;2
3;Margarethe;w;2
3;Marianne;w;2
3;Marion;w;2
3;Marlies;w;2
3;Merve;w;2
3;Adriano;m;2
3;Michelle;w;2
3;Ahmet;m;2
3;Mieke;w;2
3;Alan;m;2
3;Monika;w;2
3;Alfred;m;2
3;Nicole;w;2
3;Andrei;m;2
3;Nisa;w;2
3;Antonius;m;2
3;Nora;w;2
3;Aras;m;2
3;Patricia;w;2
3;Asenov;m;2
3;Philine;w;2
3;Bennet;m;2
3;Pia;w;2
3;Bennett;m;2
3;Rosalie;w;2
3;Bernhard;m;2
3;Ruth;w;2
3;Bjarne;m;2
3;Sena;w;2
3;Brian;m;2
3;Sonja;w;2
3;Cem;m;2
3;Susanne;w;2
3;Charlie;m;2
3;Veronika;w;2
3;Clemens;m;2
3;Yvonne;w;2
3;Dean;m;2
3;Zehra;w;2
3;Dieter;m;2
3;Domenico;m;2
3;Eduard;m;2
3;Eliah;m;2
3;Emanuel;m;2
3;Ensar;m;2
3;Eymen;m;2
3;Fabio;m;2
3;Fernando;m;2
3;Frank;m;2
3;Frederick;m;2
3;Gregor;m;2
3;Harry;m;2
3;Heinz;m;2
3;Helmut;m;2
3;Hugo;m;2
3;Immanuel;m;2
3;Isaak;m;2
3;Jason;m;2
3;Joachim;m;2
3;Johan;m;2
3;Joseph;m;2
3;José;m;2
3;Julien;m;2
3;Kevin;m;2
3;Kurt;m;2
3;Lars;m;2
3;Leonhard;m;2
3;Levin;m;2
3;León;m;2
3;Lio;m;2
3;Lorenz;m;2
3;Malte;m;2
3;Marc;m;2
3;Marcel;m;2
3;Marco;m;2
3;Markus;m;2
3;Matheo;m;2
3;Mats;m;2
3;Mattes;m;2
3;Mikail;m;2
3;Mio;m;2
3;Miraç;m;2
3;Moses;m;2
3;Murat;m;2
3;Nepomuk;m;2
3;Nikolaus;m;2
3;Roman;m;2
3;Roni;m;2
3;Rudi;m;2
3;Samu;m;2
3;Santino;m;2
3;Tahir;m;2
3;Taylor;m;2
3;Thiago;m;2
3;Werner;m;2
3;Yiğit;m;2
3;Youssef;m;2
3;Yunus;m;2
3;Ömer;m;2
3;Ajlin;w;1
3;Alba;w;1
3;Alisha;w;1
3;Alissa;w;1
3;Almina;w;1
3;Amal;w;1
3;Amanda;w;1
3;Ana;w;1
3;Anneke;w;1
3;Antonie;w;1
3;Antonina;w;1
3;Ariella;w;1
3;Asmin;w;1
3;Beatrice;w;1
3;Bianca;w;1
3;Cara;w;1
3;Cecilia;w;1
3;Celine;w;1
3;Charlotta;w;1
3;Christina;w;1
3;Darin;w;1
3;Deniz;w;1
3;Dina;w;1
3;Dorothea;w;1
3;Dua;w;1
3;Dunya;w;1
3;Ebrar;w;1
3;Ecrin;w;1
3;Elin;w;1
3;Elissa;w;1
3;Eliza;w;1
3;Emmy;w;1
3;Enja;w;1
3;Enni;w;1
3;Esmeralda;w;1
3;Esther;w;1
3;Evelyn;w;1
3;Felia;w;1
3;Adnan;m;1
3;Felicia;w;1
3;Aiden;m;1
3;Fine;w;1
3;Aleksander;m;1
3;Giada;w;1
3;Alexis;m;1
3;Grace;w;1
3;Alparslan;m;1
3;Hailey;w;1
3;Alpay;m;1
3;Henriette;w;1
3;Alperen;m;1
3;Holly;w;1
3;Alvin;m;1
3;Iliana;w;1
3;Aris;m;1
3;Ina;w;1
3;Artin;m;1
3;Ines;w;1
3;Artjom;m;1
3;Israa;w;1
3;Atlas;m;1
3;Jessica;w;1
3;Ayan;m;1
3;Jette;w;1
3;Azad;m;1
3;Jolin;w;1
3;Benedict;m;1
3;Juliana;w;1
3;Bennett;m;1
3;Kaia;w;1
3;Bent;m;1
3;Karina;w;1
3;Bjarne;m;1
3;Karlie;w;1
3;Björn;m;1
3;Karlotta;w;1
3;Boris;m;1
3;Karolina;w;1
3;Casper;m;1
3;Kiara;w;1
3;Charly;m;1
3;Kim;w;1
3;Clemens;m;1
3;Lejla;w;1
3;Colin;m;1
3;Lenia;w;1
3;Cornelius;m;1
3;Lenya;w;1
3;Damir;m;1
3;Leya;w;1
3;Daniele;m;1
3;Lilas;w;1
3;Dario;m;1
3;Linnea;w;1
3;Denis;m;1
3;Liva;w;1
3;Domenico;m;1
3;Liyah;w;1
3;Dylan;m;1
3;Lore;w;1
3;Elio;m;1
3;Luzie;w;1
3;Eliyas;m;1
3;Lydia;w;1
3;Ensar;m;1
3;Madina;w;1
3;Eren;m;1
3;Mariam;w;1
3;Ertuğrul;m;1
3;Marieke;w;1
3;Etienne;m;1
3;Mariella;w;1
3;Fernando;m;1
3;Masal;w;1
3;Franz;m;1
3;Maxima;w;1
3;Georgi;m;1
3;Mayar;w;1
3;Giorgio;m;1
3;Melia;w;1
3;Giovanni;m;1
3;Melisa;w;1
3;Giulio;m;1
3;Melodi;w;1
3;Haroun;m;1
3;Melody;w;1
3;Helge;m;1
3;Mieke;w;1
3;Ilias;m;1
3;Minou;w;1
3;Isa;m;1
3;Miya;w;1
3;Ismail;m;1
3;Naima;w;1
3;İsmail;m;1
3;Nefes;w;1
3;Jamil;m;1
3;Nike;w;1
3;Janne;m;1
3;Nil;w;1
3;Jasin;m;1
3;Noura;w;1
3;Jim;m;1
3;Ophelia;w;1
3;Kadir;m;1
3;Pelin;w;1
3;Kai;m;1
3;Rania;w;1
3;Kaya;m;1
3;Rieke;w;1
3;Keno;m;1
3;Rita;w;1
3;Laurin;m;1
3;Robin;w;1
3;Lavand;m;1
3;Ruth;w;1
3;Leonas;m;1
3;Samira;w;1
3;Logan;m;1
3;Sana;w;1
3;Loui;m;1
3;Sidra;w;1
3;Lutz;m;1
3;Simay;w;1
3;Manuel;m;1
3;Smilla;w;1
3;Marcel;m;1
3;Sonia;w;1
3;Marian;m;1
3;Sude;w;1
3;Mario;m;1
3;Tamina;w;1
3;Marlo;m;1
3;Tasnim;w;1
3;Marvin;m;1
3;Toni;w;1
3;Mikkel;m;1
3;Valencia;w;1
3;Milano;m;1
3;Yara;w;1
3;Minh;m;1
3;Yaren;w;1
3;Mirko;m;1
3;Yağmur;w;1
3;Mohamad;m;1
3;Zara;w;1
3;Muhammad;m;1
3;Zeliha;w;1
3;Nelio;m;1
3;Zuri;w;1
3;Nilo;m;1
3;Noyan;m;1
3;Poyraz;m;1
3;Quinn;m;1
3;Raman;m;1
3;Rey;m;1
3;Ron;m;1
3;Rufus;m;1
3;Rui;m;1
3;Salman;m;1
3;Samuele;m;1
3;Serhan;m;1
3;Shahin;m;1
3;Sidar;m;1
3;Sinan;m;1
3;Taim;m;1
3;Tammo;m;1
3;Taylan;m;1
3;Teo;m;1
3;Tilo;m;1
3;Timon;m;1
3;Turan;m;1
3;Tyler;m;1
3;Ufuk;m;1
3;Valentino;m;1
3;Viktor;m;1
3;Willi;m;1
3;Yahya;m;1
3;Çınar;m;1
2;Haroun;m;5
2;Sophie;w;5
2;Maria;w;4
2;Alexander;m;4
2;Marie;w;4
2;Sobait;m;4
2;Adele;w;3
2;Alice;w;3
2;Andrea;w;3
2;Caroline;w;3
2;Christina;w;3
2;Christine;w;3
2;Daniela;w;3
2;Emilie;w;3
2;Alexander;m;3
2;Franziska;w;3
2;Alfons;m;3
2;Frederike;w;3
2;Alois;m;3
2;Helena;w;3
2;Antonio;m;3
2;Hilda;w;3
2;Balthasar;m;3
2;Josephine;w;3
2;Benjamin;m;3
2;Kiara;w;3
2;Bernhard;m;3
2;Mathilde;w;3
2;Bob;m;3
2;Pauline;w;3
2;Clemens;m;3
2;qizi;w;3
2;Franz;m;3
2;Sabine;w;3
2;Gabriel;m;3
2;Su;w;3
2;Gustav;m;3
2;Ursula;w;3
2;Heinrich;m;3
2;Victoria;w;3
2;Heinz;m;3
2;Helmut;m;3
2;Jakob;m;3
2;John;m;3
2;Josef;m;3
2;Joseph;m;3
2;Konstantin;m;3
2;Lasse;m;3
2;Ludwig;m;3
2;Mobarak;m;3
2;Otto;m;3
2;Rudolf;m;3
2;Severin;m;3
2;Walter;m;3
2;Werner;m;3
2;;w;2
2;Adele;w;2
2;Adina;w;2
2;Albertine;w;2
2;Aleksandra;w;2
2;Alice;w;2
2;Alisa;w;2
2;Alissa;w;2
2;Amalie;w;2
2;Amela;w;2
2;Amilia;w;2
2;Amira;w;2
2;Angelina;w;2
2;Anja;w;2
2;Anne;w;2
2;Annika;w;2
2;Anouk;w;2
2;Ariana;w;2
2;Ariane;w;2
2;Asel;w;2
2;Assal;w;2
2;Augusta;w;2
2;Ayla;w;2
2;Ayşe;w;2
2;Bahar;w;2
2;Banu;w;2
2;Bella;w;2
2;Benedetta;w;2
2;Berra;w;2
2;Carina;w;2
2;Carolina;w;2
2;Celeste;w;2
2;Charlie;w;2
2;Charlott;w;2
2;Charlotta;w;2
2;Chloe;w;2
2;Christa;w;2
2;Coco;w;2
2;Cornelia;w;2
2;Defne;w;2
2;Deniz;w;2
2;Diana;w;2
2;Dilara;w;2
2;Dimitrova;w;2
2;Doreen;w;2
2;Eda;w;2
2;Elke;w;2
2;Emine;w;2
2;Emmi;w;2
2;Esma;w;2
2;Esther;w;2
2;Evin;w;2
2;Fabienne;w;2
2;Fee;w;2
2;Felicia;w;2
2;Feline;w;2
2;Finja;w;2
2;Fleur;w;2
2;Franka;w;2
2;Frederike;w;2
2;Aaron;m;2
2;Friederike;w;2
2;Abdulla;m;2
2;Fritzi;w;2
2;Ace;m;2
2;Gabriela;w;2
2;Aidan;m;2
2;Gabriele;w;2
2;Aleksander;m;2
2;Gracia;w;2
2;Alessandro;m;2
2;Gül;w;2
2;Alessio;m;2
2;Gülsüm;w;2
2;Alois;m;2
2;Helga;w;2
2;Amari;m;2
2;Helin;w;2
2;Amin;m;2
2;Imani;w;2
2;Andrzej;m;2
2;Inge;w;2
2;Anh;m;2
2;Irma;w;2
2;Armin;m;2
2;Irmak;w;2
2;Arne;m;2
2;Isabell;w;2
2;Arvin;m;2
2;Ivy;w;2
2;Asker;m;2
2;Jasmin;w;2
2;Azad;m;2
2;Jennifer;w;2
2;Azeem;m;2
2;Joana;w;2
2;Aziz;m;2
2;Johanne;w;2
2;Balthasar;m;2
2;Jola;w;2
2;Batu;m;2
2;Juli;w;2
2;Ber;m;2
2;Juliane;w;2
2;Bernd;m;2
2;Kalea;w;2
2;Bodo;m;2
2;Karolina;w;2
2;Carlo;m;2
2;Katrin;w;2
2;Carsten;m;2
2;Kim;w;2
2;Christopher;m;2
2;Krasimirova;w;2
2;Christos;m;2
2;Kristina;w;2
2;Ciwan;m;2
2;Käte;w;2
2;Constantine;m;2
2;Käthe;w;2
2;Damien;m;2
2;Leana;w;2
2;Denis;m;2
2;Leona;w;2
2;Diego;m;2
2;Liana;w;2
2;Ege;m;2
2;Lillemor;w;2
2;Eli;m;2
2;Lilli;w;2
2;Elia;m;2
2;Linn;w;2
2;Elian;m;2
2;Linnea;w;2
2;Elija;m;2
2;Liz;w;2
2;Emmanuel;m;2
2;Lola;w;2
2;Eric;m;2
2;Lucille;w;2
2;Erich;m;2
2;Lucía;w;2
2;Erik;m;2
2;Mae;w;2
2;Ernesto;m;2
2;Mafalda;w;2
2;Etienne;m;2
2;Magdalene;w;2
2;Ewald;m;2
2;Malea;w;2
2;Felipe;m;2
2;Malia;w;2
2;Fitz;m;2
2;Malina;w;2
2;Florian;m;2
2;Marija;w;2
2;Florin;m;2
2;Marina;w;2
2;Francis;m;2
2;Marisa;w;2
2;Franziskus;m;2
2;Marissa;w;2
2;Frederic;m;2
2;Marit;w;2
2;Fridolin;m;2
2;Marlen;w;2
2;Fynn;m;2
2;Marlena;w;2
2;Gaspar;m;2
2;Mary;w;2
2;Godwin;m;2
2;Mathea;w;2
2;Grzegorz;m;2
2;Mayla;w;2
2;Guido;m;2
2;Medina;w;2
2;Han;m;2
2;Medine;w;2
2;Harald;m;2
2;Meliha;w;2
2;Hendrik;m;2
2;Michaela;w;2
2;Hennes;m;2
2;Milou;w;2
2;Hubert;m;2
2;Minou;w;2
2;Hubertus;m;2
2;Nefes;w;2
2;Hüseyin;m;2
2;Nele;w;2
2;Idris;m;2
2;Nour;w;2
2;Ilias;m;2
2;Petra;w;2
2;Ilijas;m;2
2;Ravza;w;2
2;Ioan;m;2
2;Rebecca;w;2
2;Isa;m;2
2;Regina;w;2
2;İsa;m;2
2;Rita;w;2
2;Israel;m;2
2;Romy;w;2
2;Ivanov;m;2
2;Rosemarie;w;2
2;Jad;m;2
2;Sabrina;w;2
2;Jamil;m;2
2;Samira;w;2
2;Jaron;m;2
2;Sarah;w;2
2;Jay;m;2
2;Shirin;w;2
2;Jean;m;2
2;Smilla;w;2
2;Jesko;m;2
2;Sora;w;2
2;Jidenna;m;2
2;Soraya;w;2
2;Jochen;m;2
2;Stanislavivna;w;2
2;John;m;2
2;Stoyanova;w;2
2;Jordan;m;2
2;Therese;w;2
2;Junes;m;2
2;Theresia;w;2
2;Junis;m;2
2;Tilda;w;2
2;Jürgen;m;2
2;Tsvetanova;w;2
2;Kacper;m;2
2;Tuana;w;2
2;Kadir;m;2
2;Ursula;w;2
2;Kalle;m;2
2;Vasileva;w;2
2;Kaspar;m;2
2;Viola;w;2
2;Kemal;m;2
2;Virginia;w;2
2;Kerem;m;2
2;Vittoria;w;2
2;Khang;m;2
2;Wanda;w;2
2;Kilian;m;2
2;Wilhelmina;w;2
2;Klaus;m;2
2;Yaren;w;2
2;Kuzey;m;2
2;Yasmin;w;2
2;Laurenz;m;2
2;Yolanda;w;2
2;Lennart;m;2
2;Yuna;w;2
2;Leonidas;m;2
2;Zoe;w;2
2;Lou;m;2
2;Zümra;w;2
2;Luciano;m;2
2;Maddox;m;2
2;Mael;m;2
2;Manolo;m;2
2;Marian;m;2
2;Marinov;m;2
2;Marius;m;2
2;Mark;m;2
2;Marten;m;2
2;Matthis;m;2
2;Michele;m;2
2;Mo;m;2
2;Mohamed;m;2
2;Mohammed;m;2
2;Mohsen;m;2
2;Muhammed;m;2
2;Mustafa;m;2
2;Nana;m;2
2;Nathan;m;2
2;Nevio;m;2
2;Nicolai;m;2
2;Nikolaev;m;2
2;Nikolaj;m;2
2;Nils;m;2
2;Noan;m;2
2;Norman;m;2
2;Noël;m;2
2;Omar;m;2
2;Osman;m;2
2;Otis;m;2
2;Otto;m;2
2;Ove;m;2
2;Pascal;m;2
2;Patrick;m;2
2;Phil;m;2
2;Phileas;m;2
2;Phillip;m;2
2;Piet;m;2
2;Rainer;m;2
2;Robin;m;2
2;Roland;m;2
2;Santiago;m;2
2;Selim;m;2
2;Serdar;m;2
2;Siegfried;m;2
2;Stephan;m;2
2;Stoyanov;m;2
2;Sven;m;2
2;Svetoslavov;m;2
2;Süleyman;m;2
2;Taha;m;2
2;Talha;m;2
2;Thilo;m;2
2;Timur;m;2
2;Titus;m;2
2;Tobias;m;2
2;Toni;m;2
2;Torsten;m;2
2;Tuna;m;2
2;Tyler;m;2
2;Tytus;m;2
2;Wim;m;2
2;Winston;m;2
2;Wolf;m;2
2;Xaver;m;2
2;Yasin;m;2
2;Yassin;m;2
2;Zeka;m;2
2;Adele;w;1
2;Adriella;w;1
2;Aida;w;1
2;Aisha;w;1
2;Alara;w;1
2;Albena;w;1
2;Alena;w;1
2;Alica;w;1
2;Alicja;w;1
2;Allegra;w;1
2;Almila;w;1
2;Amaia;w;1
2;Amara;w;1
2;Amelié;w;1
2;Amely;w;1
2;Amen;w;1
2;Aniela;w;1
2;Anissa;w;1
2;Anna-Maria;w;1
2;Annemarie;w;1
2;Antje;w;1
2;Ariane;w;1
2;Artemis;w;1
2;Asel;w;1
2;Asiya;w;1
2;Asli;w;1
2;Aslı;w;1
2;Asude;w;1
2;Auri;w;1
2;Abdulhamid;m;1
2;Aya;w;1
2;Abdülhamid;m;1
2;Ayda;w;1
2;Aboubacar;m;1
2;Ayse;w;1
2;Abu;m;1
2;Açelya;w;1
2;Adian;m;1
2;Beatriz;w;1
2;Adin;m;1
2;Bella;w;1
2;Akın;m;1
2;Bensu;w;1
2;Alexei;m;1
2;Betül;w;1
2;Alfred;m;1
2;Beyza;w;1
2;Alois;m;1
2;Camilla;w;1
2;Alper;m;1
2;Carlie;w;1
2;Altan;m;1
2;Caroline;w;1
2;Alwin;m;1
2;Celia;w;1
2;Aman;m;1
2;Charlie;w;1
2;Ammar;m;1
2;Ciara;w;1
2;Amon;m;1
2;Clarissa;w;1
2;Andre;m;1
2;Clea;w;1
2;Andrea;m;1
2;Clementine;w;1
2;Angelos;m;1
2;Coco;w;1
2;Antoine;m;1
2;Cosima;w;1
2;Aran;m;1
2;Céline;w;1
2;Arda;m;1
2;Daisy;w;1
2;Ares;m;1
2;Delina;w;1
2;Aro;m;1
2;Denise;w;1
2;Arvid;m;1
2;Dimitra;w;1
2;Aryan;m;1
2;Duha;w;1
2;Asaf;m;1
2;Duru;w;1
2;Asparuh;m;1
2;Duygu;w;1
2;Ata;m;1
2;Elaine;w;1
2;Atanas;m;1
2;Elea;w;1
2;Ayman;m;1
2;Elia;w;1
2;Ayub;m;1
2;Elinor;w;1
2;Baran;m;1
2;Elis;w;1
2;Batuhan;m;1
2;Elizan;w;1
2;Benan;m;1
2;Elly;w;1
2;Berkay;m;1
2;Emanuela;w;1
2;Bjørn;m;1
2;Emilija;w;1
2;Brandon;m;1
2;Ena;w;1
2;Brian;m;1
2;Enie;w;1
2;Cafer;m;1
2;Enisa;w;1
2;Carlos;m;1
2;Enora;w;1
2;Christiano;m;1
2;Enya;w;1
2;Claas;m;1
2;Era;w;1
2;Connor;m;1
2;Eugenia;w;1
2;Damiano;m;1
2;Evi;w;1
2;Damien;m;1
2;Ewa;w;1
2;Dante;m;1
2;Fana;w;1
2;Darius;m;1
2;Favour;w;1
2;Datis;m;1
2;Felizitas;w;1
2;Dejan;m;1
2;Fenna;w;1
2;Delian;m;1
2;Fiene;w;1
2;Dennis;m;1
2;Gabriela;w;1
2;Dimitri;m;1
2;Gabriella;w;1
2;Diyar;m;1
2;Giuliana;w;1
2;Ebu;m;1
2;Hajar;w;1
2;Edin;m;1
2;Hanaa;w;1
2;Edis;m;1
2;Hanan;w;1
2;Eliam;m;1
2;Hanne;w;1
2;Elliot;m;1
2;Hilde;w;1
2;Elmo;m;1
2;Ilva;w;1
2;Emanuel;m;1
2;Inaya;w;1
2;Emiliano;m;1
2;Ipek;w;1
2;Emircan;m;1
2;Iva;w;1
2;Emran;m;1
2;Izabela;w;1
2;Enis;m;1
2;Izel;w;1
2;Ennio;m;1
2;Jamilia;w;1
2;Enzo;m;1
2;Janna;w;1
2;Erdem;m;1
2;Janne;w;1
2;Erencan;m;1
2;Jennifer;w;1
2;Erez;m;1
2;Joline;w;1
2;Erkan;m;1
2;Josefina;w;1
2;Esrom;m;1
2;Josephina;w;1
2;Evan;m;1
2;Judith;w;1
2;Eyüp;m;1
2;Kaja;w;1
2;Ezra;m;1
2;Kara;w;1
2;Ferris;m;1
2;Kate;w;1
2;Fikret;m;1
2;Katherina;w;1
2;Finnian;m;1
2;Kaylee;w;1
2;Georg;m;1
2;Kenza;w;1
2;George;m;1
2;Khadija;w;1
2;Gürkan;m;1
2;Kristina;w;1
2;Hakan;m;1
2;Kylie;w;1
2;Halil;m;1
2;Kübra;w;1
2;Hanno;m;1
2;Lamar;w;1
2;Hans;m;1
2;Lamija;w;1
2;Harun;m;1
2;Lani;w;1
2;Hassan;m;1
2;Lavin;w;1
2;Henk;m;1
2;Leila;w;1
2;Honar;m;1
2;Lia-Marie;w;1
2;Ian;m;1
2;Lidia;w;1
2;İbrahim;m;1
2;Lika;w;1
2;Ilan;m;1
2;Lilian;w;1
2;Ilja;m;1
2;Liliane;w;1
2;Ilyan;m;1
2;Lilith;w;1
2;Iman;m;1
2;Lillian;w;1
2;Immanuel;m;1
2;Lilo;w;1
2;Imran;m;1
2;Lily;w;1
2;Issa;m;1
2;Lioba;w;1
2;Issam;m;1
2;Liselotte;w;1
2;Jaleel;m;1
2;Liyana;w;1
2;Jamal;m;1
2;Liz;w;1
2;Janno;m;1
2;Lorin;w;1
2;Jason;m;1
2;Lucía;w;1
2;Jean;m;1
2;Lya;w;1
2;Jeremy;m;1
2;Léa;w;1
2;Joaquin;m;1
2;Madeleine;w;1
2;Jon;m;1
2;Mai;w;1
2;Jonne;m;1
2;Maira;w;1
2;Jori;m;1
2;Malea;w;1
2;Joschua;m;1
2;Maleen;w;1
2;Josef;m;1
2;Malena;w;1
2;Josua;m;1
2;Malin;w;1
2;Jovan;m;1
2;Malu;w;1
2;Julien;m;1
2;Maneli;w;1
2;Junes;m;1
2;Marianna;w;1
2;Junis;m;1
2;Marike;w;1
2;Jusuf;m;1
2;Marisa;w;1
2;Karam;m;1
2;Marli;w;1
2;Karol;m;1
2;Marlie;w;1
2;Keke;m;1
2;Marwa;w;1
2;Keyan;m;1
2;Mary;w;1
2;Khalid;m;1
2;Mascha;w;1
2;Kimi;m;1
2;Maëlle;w;1
2;Kjell;m;1
2;Medine;w;1
2;Kuno;m;1
2;Melania;w;1
2;Kutay;m;1
2;Melanie;w;1
2;Kylian;m;1
2;Melda;w;1
2;Leif;m;1
2;Melena;w;1
2;Lenni;m;1
2;Melinda;w;1
2;Lenno;m;1
2;Meliya;w;1
2;Lewis;m;1
2;Meryam;w;1
2;Leys;m;1
2;Mika;w;1
2;Lorik;m;1
2;Minoo;w;1
2;Lounis;m;1
2;Morena;w;1
2;Ludwig;m;1
2;Myra;w;1
2;Luuk;m;1
2;Nadine;w;1
2;Léon;m;1
2;Nancy;w;1
2;Magnus;m;1
2;Natalia;w;1
2;Maksim;m;1
2;Nella;w;1
2;Malek;m;1
2;Nihal;w;1
2;Marin;m;1
2;Nisan;w;1
2;Matej;m;1
2;Noelia;w;1
2;Mathias;m;1
2;Nola;w;1
2;Mehmet;m;1
2;Nur;w;1
2;Melvin;m;1
2;Penelope;w;1
2;Merdan;m;1
2;Philipa;w;1
2;Mervan;m;1
2;Philomena;w;1
2;Metehan;m;1
2;Phoebe;w;1
2;Metin;m;1
2;Polly;w;1
2;Mikael;m;1
2;Princess;w;1
2;Miko;m;1
2;Rafaela;w;1
2;Milad;m;1
2;Ravza;w;1
2;Milas;m;1
2;Rebekka;w;1
2;Milian;m;1
2;Reyyan;w;1
2;Milow;m;1
2;Rina;w;1
2;Mirac;m;1
2;Rojda;w;1
2;Miro;m;1
2;Romayssa;w;1
2;Miroslav;m;1
2;Romina;w;1
2;Murad;m;1
2;Roya;w;1
2;Naim;m;1
2;Rumeysa;w;1
2;Nathanael;m;1
2;Saliha;w;1
2;Navid;m;1
2;Salome;w;1
2;Nic;m;1
2;Sanaya;w;1
2;Nikolaos;m;1
2;Saya;w;1
2;Nilas;m;1
2;Selena;w;1
2;Nima;m;1
2;Semina;w;1
2;Noan;m;1
2;Senta;w;1
2;Nuri;m;1
2;Sienna;w;1
2;Omed;m;1
2;Sıla;w;1
2;Omer;m;1
2;Sila;w;1
2;Onno;m;1
2;Silvia;w;1
2;Paolo;m;1
2;Sirin;w;1
2;Paulo;m;1
2;Somaya;w;1
2;Pekka;m;1
2;Stefanie;w;1
2;Phileas;m;1
2;Stephanie;w;1
2;Prince;m;1
2;Suela;w;1
2;Raffael;m;1
2;Sumeja;w;1
2;Rahim;m;1
2;Sura;w;1
2;Ramon;m;1
2;Suvi;w;1
2;Reda;m;1
2;Tala;w;1
2;Reik;m;1
2;Teresa;w;1
2;Rejan;m;1
2;Thalia;w;1
2;Resul;m;1
2;Thilda;w;1
2;Riccardo;m;1
2;Tiana;w;1
2;Richard;m;1
2;Tonia;w;1
2;Rocco;m;1
2;Vaiana;w;1
2;Rodrigo;m;1
2;Xenia;w;1
2;Ronny;m;1
2;Yael;w;1
2;Rudi;m;1
2;Yasmine;w;1
2;Rémi;m;1
2;Ylenia;w;1
2;Salih;m;1
2;Zerya;w;1
2;Salim;m;1
2;Zofia;w;1
2;Samet;m;1
2;Zoya;w;1
2;Samir;m;1
2;Zoë;w;1
2;Samu;m;1
2;Zulejha;w;1
2;Santino;m;1
2;Züleyha;w;1
2;Savio;m;1
2;Zümra;w;1
2;Serif;m;1
2;Öykü;w;1
2;Sidad;m;1
2;Stanislaw;m;1
2;Stefan;m;1
2;Tadija;m;1
2;Taha;m;1
2;Tahir;m;1
2;Tamino;m;1
2;Tamme;m;1
2;Tamo;m;1
2;Taro;m;1
2;Tayler;m;1
2;Taylor;m;1
2;Taym;m;1
2;Thore;m;1
2;Tiago;m;1
2;Tillmann;m;1
2;Tony;m;1
2;Torben;m;1
2;Travis;m;1
2;Tufan;m;1
2;Tuğra;m;1
2;Vasileios;m;1
2;Vigo;m;1
2;Vihaan;m;1
2;Vince;m;1
2;Vito;m;1
2;Vladimir;m;1
2;Wiktor;m;1
2;Wim;m;1
2;Wlad;m;1
2;Yakub;m;1
2;Yaman;m;1
2;Yamaç;m;1
2;Yanko;m;1
2;Yazan;m;1
2;Yağız;m;1
2;Yousuf;m;1
2;Yunes;m;1
2;Yussef;m;1
2;Yuvan;m;1
2;Zain;m;1
2;Ümit;m;1
1;Annette;w;6
1;Maria;w;6
1;Antje;w;5
1;Erdmuthe;w;5
1;Fantasy;w;5
1;Pauline;w;5
1;Rosa;w;5
1;Albane;w;4
1;Andreas;m;4
1;Colonia;w;4
1;Anselm;m;4
1;Dadze;w;4
1;Aslanovič;m;4
1;Elisabeth;w;4
1;Christian;m;4
1;Erika;w;4
1;Daniel;m;4
1;Femke;w;4
1;Dominikus;m;4
1;Gerta;w;4
1;Fernando;m;4
1;Hildegard;w;4
1;Ferrari;m;4
1;Isabelle;w;4
1;Hermann;m;4
1;Jara;w;4
1;Horst;m;4
1;Luisa;w;4
1;Jens;m;4
1;Mahmoud;w;4
1;Johannes;m;4
1;Marlen;w;4
1;Laurens;m;4
1;Michelle;w;4
1;Louis;m;4
1;Michèle;w;4
1;Martin;m;4
1;Nadeschda;w;4
1;Mohamed;m;4
1;Oyinmiebi;w;4
1;Ulrich;m;4
1;Philomena;w;4
1;Wilhelm;m;4
1;Princess;w;4
1;Raphaele;w;4
1;Regina;w;4
1;Sultan;w;4
1;Theresia;w;4
1;Todora;w;4
1;Ursula;w;4
1;Xia;w;4
1;Abdulsalam;w;3
1;Abla;w;3
1;Adina;w;3
1;Agnes;w;3
1;Agnieszka;w;3
1;Akossiwa;w;3
1;Akosua;w;3
1;Alaia;w;3
1;Albertine;w;3
1;Alexa;w;3
1;Alexandra;w;3
1;Angela;w;3
1;Angelika;w;3
1;Anni;w;3
1;Apollonia;w;3
1;Abdulhamid;m;3
1;Aylin;w;3
1;Achim;m;3
1;Ayomiposi;w;3
1;Adam;m;3
1;Beatrix;w;3
1;Adjei;m;3
1;Bettina;w;3
1;Alfred;m;3
1;Birgit;w;3
1;Amoateng;m;3
1;Brigitte;w;3
1;Antti;m;3
1;Brown;w;3
1;Anzolo;m;3
1;Carnela;w;3
1;Arhem;m;3
1;Carolina;w;3
1;Arno;m;3
1;Cassiopeia;w;3
1;Ayaz;m;3
1;Catherine;w;3
1;Bach;m;3
1;Chi;w;3
1;Bartolomeo;m;3
1;Chloé;w;3
1;Bastian;m;3
1;Christel;w;3
1;Ben;m;3
1;Claudia;w;3
1;Bernard;m;3
1;Colonia;w;3
1;Bin;m;3
1;Constanze;w;3
1;Bo;m;3
1;Corinna;w;3
1;Bolle;m;3
1;Cornelia;w;3
1;Bruno;m;3
1;Cosima;w;3
1;Caesar;m;3
1;Cäcilia;w;3
1;Carl;m;3
1;Cäcilie;w;3
1;Carlos;m;3
1;Denisovna;w;3
1;Cedric;m;3
1;Destina;w;3
1;Chaim;m;3
1;Diamond;w;3
1;Christian;m;3
1;Dünya;w;3
1;Constantin;m;3
1;Dương;w;3
1;Dafa;m;3
1;Edith;w;3
1;Danyo;m;3
1;Eleonore;w;3
1;Deniz;m;3
1;Elke;w;3
1;Dieter;m;3
1;Ellen;w;3
1;Dietrich;m;3
1;Ellinor;w;3
1;Dirk;m;3
1;Elsa;w;3
1;Domingo;m;3
1;Elva;w;3
1;Dux;m;3
1;Emilia;w;3
1;Eberhard;m;3
1;Emma;w;3
1;Edward;m;3
1;Erika;w;3
1;Emilian;m;3
1;Estelle;w;3
1;Emilio;m;3
1;Euphemia;w;3
1;Emmanuel;m;3
1;Eva;w;3
1;Eren;m;3
1;Evangeline;w;3
1;Erich;m;3
1;Evi;w;3
1;Erik;m;3
1;Fatma;w;3
1;Ernesto;m;3
1;Felicia;w;3
1;Ernst;m;3
1;Feliksa;w;3
1;Esben;m;3
1;Finja;w;3
1;Eugen;m;3
1;Fiona;w;3
1;Fabian;m;3
1;Fortuna;w;3
1;Fatih;m;3
1;Francella;w;3
1;Felix;m;3
1;Freya;w;3
1;Ferid;m;3
1;Fürchtegott;w;3
1;Francis;m;3
1;Gabriele;w;3
1;Francisco;m;3
1;Gabriella;w;3
1;Gennaro;m;3
1;Gehad;w;3
1;George;m;3
1;Gerda;w;3
1;Gerd;m;3
1;Gülbin;w;3
1;Gerri;m;3
1;Habeeb;w;3
1;Getulio;m;3
1;Hae-Won;w;3
1;Gilles;m;3
1;Halime;w;3
1;Gilroy;m;3
1;Hannah;w;3
1;Günther;m;3
1;Heike;w;3
1;Hafi;m;3
1;Herta;w;3
1;Hafis;m;3
1;Hotaru;w;3
1;Halis;m;3
1;Hélène;w;3
1;Hamid;m;3
1;Irene;w;3
1;Han;m;3
1;Irmgard;w;3
1;Hans;m;3
1;Irmi;w;3
1;Harald;m;3
1;Ismeta;w;3
1;Hasanov;m;3
1;Ivelin;w;3
1;Hector;m;3
1;Iyobosa;w;3
1;Heiner;m;3
1;Jadore;w;3
1;Henrik;m;3
1;Jasmina;w;3
1;Henry;m;3
1;Jean;w;3
1;Herbert;m;3
1;Johanna;w;3
1;Hieronymus;m;3
1;Jordan;w;3
1;Horikawa;m;3
1;Julia;w;3
1;Hoturoa;m;3
1;Juliane;w;3
1;Hubertus;m;3
1;Julianna;w;3
1;Iliev;m;3
1;Juliette;w;3
1;Isaac;m;3
1;Julika;w;3
1;Islam;m;3
1;Kamala;w;3
1;Jakub;m;3
1;Klara;w;3
1;Jeffrey;m;3
1;Kleopatra;w;3
1;Jerzey;m;3
1;Kristina;w;3
1;Joachim;m;3
1;Kumari;w;3
1;Johann;m;3
1;Laetitia;w;3
1;Jon;m;3
1;Lafite;w;3
1;Joshua;m;3
1;Lan;w;3
1;Josias;m;3
1;Leticia;w;3
1;Julian;m;3
1;Leticija;w;3
1;Junior;m;3
1;Lia;w;3
1;Justus;m;3
1;Lientje;w;3
1;Kai;m;3
1;Lilian;w;3
1;Kane;m;3
1;Lilli;w;3
1;Kefle;m;3
1;Lin;w;3
1;Khalil;m;3
1;Lina;w;3
1;Kurt;m;3
1;Linda;w;3
1;Lahbib;m;3
1;Lisa;w;3
1;Lars;m;3
1;Lisbeth;w;3
1;Lennard;m;3
1;Lita;w;3
1;Leo;m;3
1;Liv;w;3
1;Leon;m;3
1;Louise;w;3
1;Lias;m;3
1;Luciana;w;3
1;Louis;m;3
1;Lucie;w;3
1;Lukula;m;3
1;Lucy;w;3
1;Lupold;m;3
1;Ludowika;w;3
1;Mael;m;3
1;Luisa;w;3
1;Magic;m;3
1;Luna;w;3
1;Magnus;m;3
1;Lutemuka;w;3
1;Malik;m;3
1;Mabel;w;3
1;Manfred;m;3
1;Maddalena;w;3
1;Marc;m;3
1;Madeleine;w;3
1;Marian;m;3
1;Madelen;w;3
1;Mariano;m;3
1;Madita;w;3
1;Mario;m;3
1;Malou;w;3
1;Marlon;m;3
1;Malva;w;3
1;Mattis;m;3
1;Manouk;w;3
1;Max;m;3
1;Mareen;w;3
1;Michel;m;3
1;Margareta;w;3
1;Mika;m;3
1;Margarete;w;3
1;Ming;m;3
1;Margarita;w;3
1;Moritz;m;3
1;Margret;w;3
1;Murat;m;3
1;Mariame;w;3
1;Muzahem;m;3
1;Marianne;w;3
1;Nazam;m;3
1;Mashoor;w;3
1;Nelio;m;3
1;Melek;w;3
1;Nestor;m;3
1;Meret;w;3
1;Nhan;m;3
1;Michelle;w;3
1;Noah;m;3
1;Mihriban;w;3
1;Ogichukwu;m;3
1;Minu;w;3
1;oglu;m;3
1;Mo;w;3
1;Okondo;m;3
1;Mohamed;w;3
1;Omar;m;3
1;Monika;w;3
1;oğlu;m;3
1;Murielle;w;3
1;Patrice;m;3
1;Murphy;w;3
1;Paulin;m;3
1;My;w;3
1;Pio;m;3
1;Nadir;w;3
1;Prince;m;3
1;Naif;w;3
1;Rafael;m;3
1;Natera;w;3
1;Rainer;m;3
1;Nekesa;w;3
1;Raj;m;3
1;Nela;w;3
1;Ralf;m;3
1;Nena;w;3
1;Ralph;m;3
1;Ngatchou;w;3
1;Ramone;m;3
1;Nicole;w;3
1;Rana;m;3
1;Nina;w;3
1;Reimar;m;3
1;Niparada;w;3
1;Renejevitch;m;3
1;Nour;w;3
1;Robbie;m;3
1;Nukunu;w;3
1;Rocco;m;3
1;Nur;w;3
1;Roger;m;3
1;Nyota;w;3
1;Rolf;m;3
1;Odette;w;3
1;Rouwen;m;3
1;Ojijo;w;3
1;Rudolph;m;3
1;Olga;w;3
1;Sabah;m;3
1;Patricia;w;3
1;Sadin;m;3
1;Pei;w;3
1;Salvatore;m;3
1;Petra;w;3
1;Samuel;m;3
1;Philipa;w;3
1;Saul;m;3
1;Philippa;w;3
1;Sessi;m;3
1;Rabea;w;3
1;Sidik;m;3
1;Ramanovna;w;3
1;Silvester;m;3
1;Ramona;w;3
1;Stefan;m;3
1;Regina;w;3
1;Stephan;m;3
1;Renata;w;3
1;Tayo;m;3
1;Ria;w;3
1;Thabit;m;3
1;Rolfine;w;3
1;Theodor;m;3
1;Rosa;w;3
1;Tiberius;m;3
1;Rose;w;3
1;Timo;m;3
1;Sandra;w;3
1;Tobias;m;3
1;Sayela;w;3
1;Traoré;m;3
1;Semira;w;3
1;Turgut;m;3
1;Sergeevna;w;3
1;Ulrich;m;3
1;Seven;w;3
1;Valerij;m;3
1;Shayeri;w;3
1;Vymarn;m;3
1;Silva;w;3
1;Wassili;m;3
1;Silvia;w;3
1;Willy;m;3
1;Sophia;w;3
1;Winand;m;3
1;Souad;w;3
1;Winfried;m;3
1;Stefania;w;3
1;Zakaria;m;3
1;Suna;w;3
1;Şahin;m;3
1;Swantje;w;3
1;Şenol;m;3
1;Sylvia;w;3
1;Șerif;m;3
1;Talissa;w;3
1;Therese;w;3
1;Theresia;w;3
1;Tony;w;3
1;Ute;w;3
1;Vahide;w;3
1;Vesna;w;3
1;Viktoria;w;3
1;Viola;w;3
1;Vivian;w;3
1;Viviane;w;3
1;Waltraud;w;3
1;Wilma;w;3
1;Yasmin;w;3
1;Zahraa;w;3
1;Zaynab;w;3
1;Zelvi;w;3
1;Şükriye;w;3
1;Aahi;w;2
1;Aaliyah;w;2
1;Abenaa;w;2
1;Abesalat;w;2
1;Abigail;w;2
1;Abrhale;w;2
1;Absalat;w;2
1;Aceliya;w;2
1;Adanna;w;2
1;Adea;w;2
1;Adelheid;w;2
1;Adiam;w;2
1;Adukwei;w;2
1;Agatha;w;2
1;Agnes;w;2
1;Agnieszka;w;2
1;Aicha;w;2
1;Ajana;w;2
1;Akosua;w;2
1;Al;w;2
1;Alanis;w;2
1;Alba;w;2
1;Aldinova;w;2
1;Alea;w;2
1;Aleida;w;2
1;Aleide;w;2
1;Alessa;w;2
1;Aleta;w;2
1;Alexa;w;2
1;Aleyna;w;2
1;Alicia;w;2
1;Alicja;w;2
1;Alievna;w;2
1;Alijana;w;2
1;Aliya;w;2
1;Aliyah;w;2
1;Alma;w;2
1;Almar;w;2
1;Altay;w;2
1;Ama;w;2
1;Ambrosia;w;2
1;Amelia;w;2
1;Amena;w;2
1;Ametepe;w;2
1;Amiele;w;2
1;Amina;w;2
1;Amirshohevna;w;2
1;Amr;w;2
1;Anabelle;w;2
1;Anahi;w;2
1;Anais;w;2
1;Anastazja;w;2
1;Anaís;w;2
1;Andrea;w;2
1;Andriivna;w;2
1;Andriiwna;w;2
1;Aneta;w;2
1;Angalie;w;2
1;Angel;w;2
1;Angela;w;2
1;Angeles;w;2
1;Angeli;w;2
1;Angelika;w;2
1;Angeliki;w;2
1;Anh;w;2
1;Anita;w;2
1;Ankiambom;w;2
1;Ann;w;2
1;;m;2
1;Ann-Saphir;w;2
1;Abbas;m;2
1;Annabelle;w;2
1;Abd-Allah;m;2
1;Annebell;w;2
1;Abdul;m;2
1;Annelie;w;2
1;Abdulhey;m;2
1;Anneliese;w;2
1;Abdulkhaleq;m;2
1;Annemarie;w;2
1;Abdülkadir;m;2
1;Annette;w;2
1;Abel;m;2
1;Annie;w;2
1;Abraham;m;2
1;Anđa;w;2
1;Adamov;m;2
1;Apollonia;w;2
1;Adnan;m;2
1;Apostolova;w;2
1;Aeneas;m;2
1;Araya;w;2
1;Agho;m;2
1;Arjun;w;2
1;Agosto;m;2
1;Aruna;w;2
1;Ahmed;m;2
1;Arwen;w;2
1;Aimé;m;2
1;Arzu;w;2
1;Akbar;m;2
1;Asaf;w;2
1;Akhumhen;m;2
1;Asenova;w;2
1;Akili;m;2
1;Ashley;w;2
1;Akonwi;m;2
1;Ashraf;w;2
1;Alaa;m;2
1;Aslı;w;2
1;Albin;m;2
1;Astrid;w;2
1;Albrecht;m;2
1;Asya;w;2
1;Aldden;m;2
1;Atanasova;w;2
1;Alejandro;m;2
1;Aurie;w;2
1;Alex;m;2
1;Aurora;w;2
1;Alexandros;m;2
1;Avgi;w;2
1;Alexandrovič;m;2
1;Aviva;w;2
1;Alexandru;m;2
1;Avnore;w;2
1;Alexi;m;2
1;Awzem;w;2
1;Alexis;m;2
1;Ayaba;w;2
1;Alfons;m;2
1;Ayad;w;2
1;Algan;m;2
1;Ayca;w;2
1;Aliev;m;2
1;Ayda;w;2
1;Alihan;m;2
1;Ayelen;w;2
1;Aljoscha;m;2
1;Ayet;w;2
1;Allister;m;2
1;Aylin;w;2
1;Alpay;m;2
1;Aynur;w;2
1;Amadeus;m;2
1;Aysem;w;2
1;Aman;m;2
1;Aysima;w;2
1;Amando;m;2
1;Baafkea;w;2
1;Amanuel;m;2
1;Balım;w;2
1;Amaru;m;2
1;Beatrice;w;2
1;Ameer;m;2
1;Bellarose;w;2
1;Amid;m;2
1;Bercy;w;2
1;Amir;m;2
1;Beren;w;2
1;Ammar;m;2
1;Berenike;w;2
1;Amoh;m;2
1;Berna;w;2
1;Amonor;m;2
1;Bernice;w;2
1;Amponsah;m;2
1;Berta;w;2
1;Anakin;m;2
1;Betty;w;2
1;Ananda;m;2
1;Betül;w;2
1;Anane;m;2
1;Beynur;w;2
1;Anders;m;2
1;Bianca;w;2
1;Andre;m;2
1;Bijuruka;w;2
1;Andrea;m;2
1;Birgit;w;2
1;Andrej;m;2
1;Birhan;w;2
1;Andriiovych;m;2
1;Bislanovna;w;2
1;André;m;2
1;Blue;w;2
1;Ang;m;2
1;Borisova;w;2
1;Angel;m;2
1;Bouri;w;2
1;Anil;m;2
1;Brhane;w;2
1;Anıl;m;2
1;Brigida;w;2
1;Anno;m;2
1;Brigitte;w;2
1;Ante;m;2
1;Bärbel;w;2
1;Anthony;m;2
1;Büşra;w;2
1;Antoine;m;2
1;Callista;w;2
1;Antonin;m;2
1;Camila;w;2
1;Antonovič;m;2
1;Camilia;w;2
1;Anzhelov;m;2
1;Can;w;2
1;Apollonas;m;2
1;Candy;w;2
1;Argeş;m;2
1;Cara;w;2
1;Ari;m;2
1;Carlie;w;2
1;Aria;m;2
1;Carlota;w;2
1;Aris;m;2
1;Carmela;w;2
1;Arkın;m;2
1;Carola;w;2
1;Armando;m;2
1;Cartier;w;2
1;Arnaud;m;2
1;Caterina;w;2
1;Arno;m;2
1;Cathalea;w;2
1;Arnulf;m;2
1;Celine;w;2
1;Arslanovič;m;2
1;Celita;w;2
1;Arthas;m;2
1;Cennet;w;2
1;Artur;m;2
1;Ceylin;w;2
1;Arturovič;m;2
1;Chadave;w;2
1;Asenso;m;2
1;Chantal;w;2
1;Ashraf;m;2
1;Chaska;w;2
1;Asım;m;2
1;Chi;w;2
1;Aslan;m;2
1;Chidiamara;w;2
1;Asmerom;m;2
1;Chimzaram;w;2
1;Astrid;m;2
1;Chinasa;w;2
1;Ata;m;2
1;Chinwemeri;w;2
1;Atafoh;m;2
1;Chisom;w;2
1;Atanasov;m;2
1;Christel;w;2
1;Athanasios;m;2
1;Christiana;w;2
1;Atreus;m;2
1;Clementina;w;2
1;Atsuhiro;m;2
1;Colene;w;2
1;Attila;m;2
1;Constantin;w;2
1;Augustin;m;2
1;Corália;w;2
1;Augusto;m;2
1;Crista;w;2
1;Aurelius;m;2
1;Cristina;w;2
1;Aurèle;m;2
1;Cynthia;w;2
1;Avid;m;2
1;Cäcilie;w;2
1;Aviv;m;2
1;Cécile;w;2
1;Avram;m;2
1;Césaria;w;2
1;Ayaz;m;2
1;Dagmar;w;2
1;Aydan;m;2
1;Dakhil;w;2
1;Ayize;m;2
1;Dalal;w;2
1;Ayomide;m;2
1;Dana;w;2
1;Ayrton;m;2
1;Daniella;w;2
1;Aysun;m;2
1;Danja;w;2
1;Bach-An;m;2
1;Daria;w;2
1;Bahtiyar;m;2
1;Dayo;w;2
1;Baker;m;2
1;Delievia;w;2
1;Balian;m;2
1;Delila;w;2
1;Baran;m;2
1;Delori;w;2
1;Baris;m;2
1;Demisa;w;2
1;Bartholomäus;m;2
1;Devrim;w;2
1;Bastiaan;m;2
1;Dewill;w;2
1;Batuhan;m;2
1;Di;w;2
1;Batur;m;2
1;Diaa;w;2
1;Bekir;m;2
1;Dila;w;2
1;Bekombe;m;2
1;Dilan;w;2
1;Belfort;m;2
1;Dilaw;w;2
1;Bendikt;m;2
1;Dilshad;w;2
1;Benedict;m;2
1;Djamila;w;2
1;Benito;m;2
1;Djoukeng;w;2
1;Bente;m;2
1;Dolunay;w;2
1;Benz;m;2
1;Dominika;w;2
1;Bera;m;2
1;Doris;w;2
1;Beraat;m;2
1;Draga;w;2
1;Berat;m;2
1;Dua;w;2
1;Berhat;m;2
1;Dudu;w;2
1;Bero;m;2
1;Dufie;w;2
1;Bilal;m;2
1;Dzhesikova;w;2
1;Bin;m;2
1;Ebrar;w;2
1;Björn;m;2
1;Ecem;w;2
1;Blessed;m;2
1;Edda;w;2
1;Bogdan;m;2
1;Edris;w;2
1;Bosse;m;2
1;Efua;w;2
1;Bože;m;2
1;Ehinosen;w;2
1;Brain;m;2
1;Ekua;w;2
1;Brajesh;m;2
1;Elanor;w;2
1;Branko;m;2
1;Eleanor;w;2
1;Brasiliano;m;2
1;Eleen;w;2
1;Caio;m;2
1;Eleftheria;w;2
1;Cajus;m;2
1;Elektra;w;2
1;Cam;m;2
1;Eleonora;w;2
1;Camillo;m;2
1;Elfie;w;2
1;Caner;m;2
1;Elfriede;w;2
1;Carlos;m;2
1;Elies;w;2
1;Caspian;m;2
1;Eliese;w;2
1;Cassian;m;2
1;Elin;w;2
1;Castiel;m;2
1;Elina;w;2
1;Cedric;m;2
1;Elisha;w;2
1;Cedrick;m;2
1;Elisia;w;2
1;Celasun;m;2
1;Elissa;w;2
1;Cenk;m;2
1;Elli;w;2
1;Cesko;m;2
1;Ellie;w;2
1;Cevdet;m;2
1;Ellis;w;2
1;Chang-Yen;m;2
1;Elmas;w;2
1;Charles;m;2
1;Elo;w;2
1;Cherif;m;2
1;Eloise;w;2
1;Chidera;m;2
1;Elsa;w;2
1;Chinemerem;m;2
1;Else;w;2
1;Chisom;m;2
1;Elveda;w;2
1;Chrysostomos;m;2
1;Ema;w;2
1;Chuna;m;2
1;Emely;w;2
1;Ciel;m;2
1;Emen;w;2
1;Ciro;m;2
1;Emily;w;2
1;Clement;m;2
1;Emmanuela;w;2
1;Colin;m;2
1;Enie;w;2
1;Collin;m;2
1;Enise;w;2
1;Conrad;m;2
1;Erhan;w;2
1;Cosmo;m;2
1;Erhanova;w;2
1;Cristian;m;2
1;Erika;w;2
1;Cristiano;m;2
1;Erva;w;2
1;Cuculi;m;2
1;Eseose;w;2
1;Cyriel;m;2
1;Esila;w;2
1;Daimon;m;2
1;Eslem;w;2
1;Dakhil;m;2
1;Eugenie;w;2
1;Dalyan;m;2
1;Evangeline;w;2
1;Damme;m;2
1;Evelina;w;2
1;Damon;m;2
1;Eveline;w;2
1;Danailov;m;2
1;Evelyn;w;2
1;Danny;m;2
1;Ezra;w;2
1;Danyell;m;2
1;Fadila;w;2
1;Dario;m;2
1;Fanny;w;2
1;Davide;m;2
1;Farina;w;2
1;Davin;m;2
1;Fatima;w;2
1;Dawid;m;2
1;Fatmata;w;2
1;Dawidi;m;2
1;Fawaz;w;2
1;Dejan;m;2
1;Faye;w;2
1;Delfino;m;2
1;Felina;w;2
1;Demirev;m;2
1;Felizia;w;2
1;Denizov;m;2
1;Fenna;w;2
1;Dennis;m;2
1;Ferdieva;w;2
1;Desire;m;2
1;Ferhan;w;2
1;Deven;m;2
1;Fernanda;w;2
1;Devran;m;2
1;Feymi;w;2
1;Devrim;m;2
1;Fidan;w;2
1;Dianov;m;2
1;Fides;w;2
1;Dietmar;m;2
1;Fiene;w;2
1;Dimitri;m;2
1;Fikretova;w;2
1;Diyan;m;2
1;Fikriye;w;2
1;Djalu;m;2
1;Filine;w;2
1;Djifa;m;2
1;Filipa;w;2
1;Dlovan;m;2
1;Filiz;w;2
1;Dolatam;m;2
1;Firas;w;2
1;Dominik;m;2
1;Flavia;w;2
1;Dominique;m;2
1;Florence;w;2
1;Dorian;m;2
1;Florentina;w;2
1;Duarte;m;2
1;Francesca;w;2
1;Duc;m;2
1;Francis;w;2
1;Duran;m;2
1;Freda;w;2
1;Dustin;m;2
1;Freyja;w;2
1;Džamalovič;m;2
1;Gajratovič;w;2
1;Eddy;m;2
1;Galina;w;2
1;Eden;m;2
1;Gazanfar;w;2
1;Edmonovič;m;2
1;Gena;w;2
1;Edris;m;2
1;George;w;2
1;Efim;m;2
1;Georgieva;w;2
1;Efrin;m;2
1;Gerada;w;2
1;Egehan;m;2
1;Gewrê;w;2
1;Egon;m;2
1;Ghassan;w;2
1;Eldar;m;2
1;Giannina;w;2
1;Elichilia;m;2
1;Gina-Sophie;w;2
1;Elio;m;2
1;Giovanna;w;2
1;Elisas;m;2
1;Gisela;w;2
1;Eliyahu;m;2
1;Giselle;w;2
1;Eliyas;m;2
1;Giuliana;w;2
1;Elliot;m;2
1;Giulina;w;2
1;Ellis;m;2
1;Gléte;w;2
1;Elmar;m;2
1;Gold;w;2
1;Elvin;m;2
1;Golda;w;2
1;Elyas;m;2
1;Gordana;w;2
1;Emal;m;2
1;Graciela;w;2
1;Emeka;m;2
1;Graciella;w;2
1;Emmy;m;2
1;Grazia;w;2
1;Emrah;m;2
1;Grete;w;2
1;Ender;m;2
1;Griet;w;2
1;Enoch;m;2
1;Grzyna;w;2
1;Enrico;m;2
1;Gyulbahar;w;2
1;Eray;m;2
1;Gyürhan;w;2
1;Erdem;m;2
1;Gökce;w;2
1;Ergin;m;2
1;Gümüş;w;2
1;Ernst;m;2
1;Hadija;w;2
1;Erol;m;2
1;Haedar;w;2
1;Ervin;m;2
1;Haitham;w;2
1;Erwin;m;2
1;Halima;w;2
1;Ethan;m;2
1;Hamide;w;2
1;Eugen;m;2
1;Han;w;2
1;Evren;m;2
1;Hana;w;2
1;Eyala;m;2
1;Hanife;w;2
1;Eyüp;m;2
1;Hanne;w;2
1;Fahim;m;2
1;Hanni;w;2
1;Faiq;m;2
1;Hao;w;2
1;Farooq;m;2
1;Hatun;w;2
1;Faruk;m;2
1;Havva;w;2
1;Fatih;m;2
1;Hawa;w;2
1;Federico;m;2
1;Hazel;w;2
1;Fehmi;m;2
1;Heidemarie;w;2
1;Feri;m;2
1;Heike;w;2
1;Fetih;m;2
1;Heimke;w;2
1;Filip;m;2
1;Hela;w;2
1;Filipov;m;2
1;Helli;w;2
1;Finley;m;2
1;Helmina;w;2
1;Finnian;m;2
1;Hendrine;w;2
1;Fiodor;m;2
1;Henny;w;2
1;Firat;m;2
1;Henrieke;w;2
1;Fjodor;m;2
1;Henrietta;w;2
1;Florentin;m;2
1;Henriette;w;2
1;Fofana;m;2
1;Hermanova;w;2
1;Francisco;m;2
1;Herta;w;2
1;Franciszek;m;2
1;Hevi;w;2
1;Frans;m;2
1;Hibatullah;w;2
1;Fred;m;2
1;Hilla;w;2
1;Freddy;m;2
1;Hira;w;2
1;Frido;m;2
1;Hope;w;2
1;Friedemann;m;2
1;Hristova;w;2
1;Frieder;m;2
1;Hà;w;2
1;Fuat;m;2
1;Hüma;w;2
1;Galinov;m;2
1;Hüsna;w;2
1;Galyanov;m;2
1;Idan;w;2
1;Ganchev;m;2
1;Idrees;w;2
1;Gen;m;2
1;Idris;w;2
1;Georges;m;2
1;Ilayda;w;2
1;Georgios;m;2
1;Ilenia;w;2
1;Gerard;m;2
1;Ilona;w;2
1;Gero;m;2
1;Ilse;w;2
1;Gerson;m;2
1;Inaaya;w;2
1;Ghazwan;m;2
1;Indra;w;2
1;Giacinto;m;2
1;Inez;w;2
1;Giacomo;m;2
1;Ingrid;w;2
1;Gigi;m;2
1;Inés;w;2
1;Ginov;m;2
1;Ioana;w;2
1;Godspower;m;2
1;Irfan;w;2
1;Gordon;m;2
1;Isalie;w;2
1;Grigorev;m;2
1;Ismael;w;2
1;Guillermo;m;2
1;Ismail;w;2
1;Gulien;m;2
1;Iuliana;w;2
1;Gunnar;m;2
1;Ivanova;w;2
1;Gyamfi;m;2
1;Ivanovna;w;2
1;Gyurdzhan;m;2
1;Ivaylova;w;2
1;Gábor;m;2
1;Iveth;w;2
1;Günther;m;2
1;Izel;w;2
1;Gürsel;m;2
1;Izoduwa;w;2
1;Habib;m;2
1;Jacobs;w;2
1;Hacı-Yusuf;m;2
1;Jacqueline;w;2
1;Haico;m;2
1;Jade;w;2
1;Hakan;m;2
1;Jala;w;2
1;Halid;m;2
1;Jalou;w;2
1;Halil;m;2
1;Jamia;w;2
1;Hamit;m;2
1;Jana;w;2
1;Han-Liang;m;2
1;Janike;w;2
1;Hanjo;m;2
1;Janina;w;2
1;Hanns;m;2
1;Janka;w;2
1;Haoming;m;2
1;Jannis;w;2
1;Haosen;m;2
1;Jean-Nice;w;2
1;Haris;m;2
1;Jeanne;w;2
1;Hartwig;m;2
1;Jella;w;2
1;Harun;m;2
1;Jenny;w;2
1;Hayden;m;2
1;Jenova;w;2
1;Hayri;m;2
1;Jewel;w;2
1;Hayul;m;2
1;Joanna;w;2
1;Heiko;m;2
1;Joaquina;w;2
1;Hellmut;m;2
1;Jocelyn;w;2
1;Helmund;m;2
1;Joelle;w;2
1;Henryk;m;2
1;Joely;w;2
1;Hideki;m;2
1;Johannna;w;2
1;Hieronymus;m;2
1;Jolanta;w;2
1;Hilmar;m;2
1;Joline;w;2
1;Hinrich;m;2
1;Jolita;w;2
1;Hope;m;2
1;Jomkwan;w;2
1;Horst;m;2
1;Jona;w;2
1;Hosam;m;2
1;Jordana;w;2
1;Hristov;m;2
1;Josefa;w;2
1;Hussain;m;2
1;Josefin;w;2
1;Hyuseinov;m;2
1;Joseline;w;2
1;Hülusi;m;2
1;Josephin;w;2
1;İbrahim;m;2
1;Josephina;w;2
1;Ibrahimov;m;2
1;Josine;w;2
1;Ibrohimovič;m;2
1;Josita;w;2
1;Idrissou;m;2
1;Jouleen;w;2
1;Idé;m;2
1;Joulina;w;2
1;Ifeanyi;m;2
1;Jovana;w;2
1;Iktan;m;2
1;Joy;w;2
1;Ilan;m;2
1;Joyceline;w;2
1;Ilay;m;2
1;Jules;w;2
1;Ilesanmi;m;2
1;Juliana;w;2
1;Iliev;m;2
1;Julietta;w;2
1;Ilija;m;2
1;Julika;w;2
1;Iliyanov;m;2
1;Jutta;w;2
1;Ilmazov;m;2
1;Jülide;w;2
1;Iman;m;2
1;Kadia;w;2
1;Ingo;m;2
1;Kadiatou;w;2
1;Inri;m;2
1;Kai;w;2
1;Iraklis;m;2
1;Kaja;w;2
1;Islam;m;2
1;Kamsi;w;2
1;Ismael;m;2
1;Katalea;w;2
1;Ismail;m;2
1;Kate;w;2
1;İsmail;m;2
1;Kathleen;w;2
1;Isni;m;2
1;Kazimiera;w;2
1;Issa;m;2
1;Kercy;w;2
1;Ivan;m;2
1;Khachiki;w;2
1;Ivaylov;m;2
1;Khadijah;w;2
1;Ive;m;2
1;Khalil;w;2
1;Jace;m;2
1;Khan;w;2
1;Jake;m;2
1;Khouloud;w;2
1;Jamari;m;2
1;Kiara;w;2
1;Janek;m;2
1;Klementine;w;2
1;Jannick;m;2
1;Kobe;w;2
1;Jaqub;m;2
1;Konstantina;w;2
1;Jarne;m;2
1;Konstanze;w;2
1;Jascha;m;2
1;Kouroutoumou;w;2
1;Jaspar;m;2
1;Krista;w;2
1;Jayden;m;2
1;Kristiane;w;2
1;Jaymz;m;2
1;Krystyna;w;2
1;Jenairo;m;2
1;Köksal;w;2
1;Jens;m;2
1;Laila;w;2
1;Jermaine;m;2
1;Lani;w;2
1;Jeromé;m;2
1;Lany;w;2
1;Jerzy;m;2
1;Larisa;w;2
1;Jesaja;m;2
1;Larissa;w;2
1;Jesco;m;2
1;Latifa;w;2
1;Jeshua;m;2
1;Laureen;w;2
1;Jimmy;m;2
1;Lavender;w;2
1;Jo;m;2
1;Lavin;w;2
1;Joe;m;2
1;Lavinia;w;2
1;Johnson;m;2
1;Leah;w;2
1;Jonny;m;2
1;Leandra;w;2
1;Jonte;m;2
1;Lee;w;2
1;Jorin;m;2
1;Leeni;w;2
1;Jos;m;2
1;Leenke;w;2
1;Joscha;m;2
1;Leiré;w;2
1;Joschua;m;2
1;Lene;w;2
1;Jost;m;2
1;Leslie;w;2
1;Juan;m;2
1;Leticija;w;2
1;Julio;m;2
1;Levent;w;2
1;Junior;m;2
1;Levke;w;2
1;Juno;m;2
1;Liah;w;2
1;Jupp;m;2
1;Liat;w;2
1;Juri;m;2
1;Liberty;w;2
1;Jussi;m;2
1;Lilian;w;2
1;Justin;m;2
1;Lilith;w;2
1;János;m;2
1;Lilith-Lucienne;w;2
1;Jérome;m;2
1;Lilla;w;2
1;Jùn-Xuān;m;2
1;Lillian;w;2
1;Kabinet;m;2
1;Lilo;w;2
1;Kadri;m;2
1;Lilou;w;2
1;Kael;m;2
1;Lilu;w;2
1;Kahraman;m;2
1;Lilyana;w;2
1;Kai;m;2
1;Lin;w;2
1;Kaia;m;2
1;Linda;w;2
1;Kajetan;m;2
1;Lio;w;2
1;Kalan;m;2
1;Lirije;w;2
1;Kalani;m;2
1;Lithu;w;2
1;Kameke;m;2
1;Lizzi;w;2
1;Kamil;m;2
1;Longxue;w;2
1;Kariem;m;2
1;Lore;w;2
1;Karim;m;2
1;Lorena;w;2
1;Kariofillis;m;2
1;Loreén;w;2
1;Karlsson;m;2
1;Loriel;w;2
1;Kasper;m;2
1;Lorin;w;2
1;Kastriot;m;2
1;Lotta-Sophie;w;2
1;Kayode;m;2
1;Lottie;w;2
1;Keirop;m;2
1;Louana;w;2
1;Kenan;m;2
1;Lu;w;2
1;Keno;m;2
1;Luca;w;2
1;Keoma;m;2
1;Luciana;w;2
1;Khalaf;m;2
1;Lucie;w;2
1;Khan;m;2
1;Lucile;w;2
1;Khoi;m;2
1;Lumbesu;w;2
1;Khudhur;m;2
1;Lutfi;w;2
1;Kian;m;2
1;Luzia;w;2
1;Kirizov;m;2
1;Ly;w;2
1;Kofi;m;2
1;Lydia;w;2
1;Kojo;m;2
1;Lyn;w;2
1;Konstantinos;m;2
1;Léonce;w;2
1;Kosta;m;2
1;Lüntje;w;2
1;Kourosh;m;2
1;Lācrāmioara;w;2
1;Krasimirov;m;2
1;Madelaine;w;2
1;Kristopher;m;2
1;Madleen;w;2
1;Kudjo;m;2
1;Maelle;w;2
1;Kunibert;m;2
1;Magalie;w;2
1;Kuti;m;2
1;Mai;w;2
1;Kwaku;m;2
1;Mai-Vy;w;2
1;Kyazim;m;2
1;Maila;w;2
1;Kylian;m;2
1;Mailin;w;2
1;Kymani;m;2
1;Malaika;w;2
1;Labeed;m;2
1;Malak;w;2
1;Lambert;m;2
1;Malene;w;2
1;Lamine;m;2
1;Mali;w;2
1;Lasmaï;m;2
1;Malien;w;2
1;Lawin;m;2
1;Maliha;w;2
1;Leano;m;2
1;Malte;w;2
1;Leeven;m;2
1;Marachimkwu;w;2
1;Leicester;m;2
1;Mareike;w;2
1;Leif;m;2
1;Marelie;w;2
1;Lenn;m;2
1;Maresia;w;2
1;Lennard;m;2
1;Margareta;w;2
1;Lennet;m;2
1;Margaritha;w;2
1;Lenni;m;2
1;Margaux;w;2
1;Lennon;m;2
1;Margo;w;2
1;Lenny;m;2
1;Marguerite;w;2
1;Lenz;m;2
1;Mari;w;2
1;Leonas;m;2
1;Mari-Lotta;w;2
1;Lev;m;2
1;Maria-Magdalena;w;2
1;Leve;m;2
1;Mariamma;w;2
1;Lhakpa;m;2
1;Mariana;w;2
1;Lias;m;2
1;Mariarosa;w;2
1;Lion;m;2
1;Maribelle;w;2
1;Lionel;m;2
1;Marie-Louise;w;2
1;Lloyd;m;2
1;Marieke;w;2
1;Loki;m;2
1;Marielotta;w;2
1;Lothar;m;2
1;Marij;w;2
1;Loup;m;2
1;Marilize;w;2
1;Lucian;m;2
1;Marinella;w;2
1;Luiz;m;2
1;Marinova;w;2
1;Lutz;m;2
1;Marley;w;2
1;Luís;m;2
1;Marlie;w;2
1;Lyubomirov;m;2
1;Marlin;w;2
1;Lütfi;m;2
1;Marlis;w;2
1;Maarten;m;2
1;Marllen;w;2
1;Mads;m;2
1;Martina;w;2
1;Maik;m;2
1;Marén;w;2
1;Mailo;m;2
1;Masal;w;2
1;Makaio;m;2
1;Masume;w;2
1;Maksymilian;m;2
1;Matilde;w;2
1;Malo;m;2
1;Matthea;w;2
1;Manafov;m;2
1;Mavi;w;2
1;Manchev;m;2
1;Mavie;w;2
1;Manuel;m;2
1;Mawusse;w;2
1;Manush;m;2
1;Mawuto;w;2
1;Marcus;m;2
1;Maxi;w;2
1;Marek;m;2
1;Mayra;w;2
1;Mariev;m;2
1;Mbali;w;2
1;Marijo;m;2
1;Medea;w;2
1;Mariusz;m;2
1;Mei-Li;w;2
1;Mariya;m;2
1;Melanie;w;2
1;Marley;m;2
1;Melika;w;2
1;Marlo;m;2
1;Melike;w;2
1;Martinov;m;2
1;Melina;w;2
1;Masanori;m;2
1;Melis;w;2
1;Masato;m;2
1;Melissa;w;2
1;Masroor;m;2
1;Melodie;w;2
1;Massimo;m;2
1;Melody;w;2
1;Masudovič;m;2
1;Meral;w;2
1;Matej;m;2
1;Merida;w;2
1;Mateo;m;2
1;Merrit;w;2
1;Mateusz;m;2
1;Metinova;w;2
1;Mathieu;m;2
1;Meysan;w;2
1;Mathis;m;2
1;Midnight;w;2
1;Matthes;m;2
1;Mie;w;2
1;Mattheus;m;2
1;Mihailova;w;2
1;Matthew;m;2
1;Miina;w;2
1;Matthieu;m;2
1;Milena;w;2
1;Mavembo;m;2
1;Mimi;w;2
1;Maxence;m;2
1;Minja;w;2
1;Maximus;m;2
1;Minu;w;2
1;Meher;m;2
1;Miracle;w;2
1;Melchior;m;2
1;Miray;w;2
1;Melih;m;2
1;Miroslavova;w;2
1;Mendes;m;2
1;Mitkova;w;2
1;Merlin;m;2
1;Mitzi;w;2
1;Mete;m;2
1;Miya;w;2
1;Michail;m;2
1;Mizgin;w;2
1;Mihran;m;2
1;Mladenova;w;2
1;Miko;m;2
1;Moana;w;2
1;Milat;m;2
1;Momo;w;2
1;Milchov;m;2
1;Mona;w;2
1;Miles;m;2
1;Monique;w;2
1;Min-Su;m;2
1;Morena;w;2
1;Minas;m;2
1;Mutheu;w;2
1;Miraz;m;2
1;My;w;2
1;Miroslavov;m;2
1;Nadine;w;2
1;Mirxan;m;2
1;Nadyova;w;2
1;Mischa;m;2
1;Naida;w;2
1;Mitchell;m;2
1;Nakshin;w;2
1;Mithat;m;2
1;Nare;w;2
1;Moe;m;2
1;Natalya;w;2
1;Mohammad;m;2
1;Nathalie;w;2
1;Mohammmed;m;2
1;Nea;w;2
1;Mohsin;m;2
1;Neeltje;w;2
1;Mor;m;2
1;Nesrin;w;2
1;Morris;m;2
1;Neuville;w;2
1;Mouhamad;m;2
1;Nibras;w;2
1;Mourice;m;2
1;Nicola;w;2
1;Muaz;m;2
1;Nihita;w;2
1;Muhammad;m;2
1;Nika;w;2
1;Muhanad;m;2
1;Nil;w;2
1;Muhsin;m;2
1;Nilani;w;2
1;Murathan;m;2
1;Ninette;w;2
1;Muraya;m;2
1;Noe;w;2
1;Musab;m;2
1;Noelia;w;2
1;Mustan;m;2
1;Noemi;w;2
1;Mutlu;m;2
1;Noor;w;2
1;Mümin;m;2
1;Noura;w;2
1;Nakoah;m;2
1;Noé;w;2
1;Nam;m;2
1;Nuria;w;2
1;Nando;m;2
1;Nurten;w;2
1;Nathanael;m;2
1;Nurçiçek;w;2
1;Navindu;m;2
1;Nyamekye;w;2
1;Nazeef;m;2
1;Nzazi;w;2
1;Nelio;m;2
1;Oana;w;2
1;Nevzat;m;2
1;Odile;w;2
1;Ngọc-Danh;m;2
1;Omuwa;w;2
1;Niam;m;2
1;Onosetale;w;2
1;Nick;m;2
1;Ophelia;w;2
1;Nicklas;m;2
1;Osarugue;w;2
1;Nico;m;2
1;Ottilia;w;2
1;Nicola;m;2
1;Ottilie;w;2
1;Nicolaas;m;2
1;Oumie;w;2
1;Nicolaev;m;2
1;Palina;w;2
1;Nihad;m;2
1;Paloma;w;2
1;Nika;m;2
1;Paulin;w;2
1;Nikola;m;2
1;Pavlova;w;2
1;Nikolai;m;2
1;Petrova;w;2
1;Nikolayev;m;2
1;Philippe;w;2
1;Nino;m;2
1;Philline;w;2
1;Nizar;m;2
1;Phillipa;w;2
1;Njoroge;m;2
1;Philomena;w;2
1;Noor;m;2
1;Pinar;w;2
1;Norbert;m;2
1;Pintong;w;2
1;Norik;m;2
1;Pip;w;2
1;Nurdzhan;m;2
1;Prema;w;2
1;Nwabueze;m;2
1;Pricillia;w;2
1;Obinna;m;2
1;Purity;w;2
1;Ocean;m;2
1;Quynh;w;2
1;Octavian;m;2
1;Rabia;w;2
1;Odin;m;2
1;Rafaela;w;2
1;Ohene;m;2
1;Raffaella;w;2
1;Okbagebriel;m;2
1;Ramiza;w;2
1;Olivier;m;2
1;Rana;w;2
1;Oluwasegun;m;2
1;Raoulin;w;2
1;Onno;m;2
1;Raschida;w;2
1;Onyiyechukwu;m;2
1;Rasheeda;w;2
1;Orhan;m;2
1;Rebar;w;2
1;Orhanov;m;2
1;Regine;w;2
1;Orkan;m;2
1;Remila;w;2
1;Oruç;m;2
1;Renée;w;2
1;Osamudiamen;m;2
1;Resi;w;2
1;Osarentin;m;2
1;Resulova;w;2
1;Osasere;m;2
1;Richlynn;w;2
1;Osaze;m;2
1;Rike;w;2
1;Osien;m;2
1;Riva;w;2
1;Oswin;m;2
1;Rivka;w;2
1;Otieno;m;2
1;Rizwan;w;2
1;Ottfried;m;2
1;Roberta;w;2
1;Owethu;m;2
1;Rojda;w;2
1;Pandeni;m;2
1;Rojin;w;2
1;Paolo;m;2
1;Rolf;w;2
1;Paschalis;m;2
1;Romina;w;2
1;Pavel;m;2
1;Ronja;w;2
1;Pavle;m;2
1;Rosann;w;2
1;Paweł;m;2
1;Rosaria;w;2
1;Peace;m;2
1;Rosario;w;2
1;Penkov;m;2
1;Rosina;w;2
1;Pepov;m;2
1;Rosé;w;2
1;Peppone;m;2
1;Roxane;w;2
1;Perry;m;2
1;Ruby;w;2
1;Petar;m;2
1;Rufatova;w;2
1;Petros;m;2
1;Rufina;w;2
1;Petrov;m;2
1;Ruftana;w;2
1;Philias;m;2
1;Ruken;w;2
1;Philon;m;2
1;Rumenova;w;2
1;Phoenix;m;2
1;Ruseva;w;2
1;Pierre;m;2
1;Rustamovna;w;2
1;Pim;m;2
1;Ruzena;w;2
1;Pit;m;2
1;Ruzhi;w;2
1;Power;m;2
1;Sabina;w;2
1;Preet;m;2
1;Sadija;w;2
1;Prince;m;2
1;Sahar;w;2
1;Qadir;m;2
1;Sahra;w;2
1;Qiaozhi;m;2
1;Salamana;w;2
1;Quaresma;m;2
1;Salissa;w;2
1;Quirinus;m;2
1;Salome;w;2
1;Raad;m;2
1;Salvador;w;2
1;Raei;m;2
1;Sameena;w;2
1;Ragnar;m;2
1;Sanja;w;2
1;Rahmi;m;2
1;Santina;w;2
1;Raimund;m;2
1;Savannah;w;2
1;Rajap;m;2
1;Savi;w;2
1;Ralf;m;2
1;Scarlett;w;2
1;Ralph;m;2
1;Scharon;w;2
1;Ram;m;2
1;Sedef;w;2
1;Ramin;m;2
1;Seher;w;2
1;Ramos;m;2
1;Seila;w;2
1;Ratmir;m;2
1;Selen;w;2
1;Raul;m;2
1;Selina;w;2
1;Rayver;m;2
1;Senay;w;2
1;Rei;m;2
1;Seraphina;w;2
1;Reiner;m;2
1;Sergeevna;w;2
1;Reinhold;m;2
1;Sergeyova;w;2
1;Reino;m;2
1;Seriana;w;2
1;Rene;m;2
1;Serra;w;2
1;Rey;m;2
1;Serwah;w;2
1;Reyhanov;m;2
1;Serwan;w;2
1;Riaan;m;2
1;Sevdova;w;2
1;Richmond;m;2
1;Severin;w;2
1;Rio;m;2
1;Sevgi;w;2
1;Riza;m;2
1;Sevim;w;2
1;Rocco;m;2
1;Shamim;w;2
1;Rodin;m;2
1;Shanice;w;2
1;Romain;m;2
1;Shanti;w;2
1;Romanus;m;2
1;Sharon;w;2
1;Romeo;m;2
1;Sheila;w;2
1;Ronny;m;2
1;Shener;w;2
1;Rory;m;2
1;Shenol;w;2
1;Rosen;m;2
1;Shiyu;w;2
1;Roy;m;2
1;Shorvari;w;2
1;Ruben;m;2
1;Shuhrat;w;2
1;Rudolph;m;2
1;Shukrieva;w;2
1;Runar;m;2
1;Sibille;w;2
1;Ryan;m;2
1;Sibylla;w;2
1;Ryduane;m;2
1;Sibylle;w;2
1;Rémi;m;2
1;Sijana;w;2
1;Rüdiger;m;2
1;Silvana;w;2
1;Sabri;m;2
1;Simin;w;2
1;Safa;m;2
1;Simone;w;2
1;Safouane;m;2
1;Sino;w;2
1;Sai;m;2
1;Sirinda;w;2
1;Said;m;2
1;Sissi;w;2
1;Saied;m;2
1;Sky;w;2
1;Saim;m;2
1;Sofi;w;2
1;Sait;m;2
1;Sohie;w;2
1;Salah;m;2
1;Sole;w;2
1;Salama;m;2
1;Solé;w;2
1;Salan;m;2
1;Sonnja;w;2
1;Salih;m;2
1;Sotirova;w;2
1;Salman;m;2
1;Souadou;w;2
1;Saman;m;2
1;Sphia;w;2
1;Samba;m;2
1;Srivalli;w;2
1;Samir;m;2
1;Stefanie;w;2
1;Sammy;m;2
1;Stefanieva;w;2
1;Samuele;m;2
1;Stefanova;w;2
1;Samy;m;2
1;Stella;w;2
1;Sanjay;m;2
1;Sterna;w;2
1;Santiano;m;2
1;Stina;w;2
1;Sarkis;m;2
1;Strahilova;w;2
1;Sascha;m;2
1;Suel;w;2
1;Sasha;m;2
1;Suela;w;2
1;Sashev;m;2
1;Suhaila;w;2
1;Savaș;m;2
1;Suleyka;w;2
1;Sean;m;2
1;Summer;w;2
1;Sebastianovich;m;2
1;Suphanida;w;2
1;Sedat;m;2
1;Susan;w;2
1;Seif;m;2
1;Susanna;w;2
1;Selassie;m;2
1;Svea;w;2
1;Selimhan;m;2
1;Svetlanova;w;2
1;Semra;m;2
1;Svetoslavova;w;2
1;Serafin;m;2
1;Süeda;w;2
1;Sergeevič;m;2
1;Tahira;w;2
1;Sergejewitsch;m;2
1;Tahnee;w;2
1;Serhad;m;2
1;Taja;w;2
1;Sevdalinov;m;2
1;Taleja;w;2
1;Seyhan;m;2
1;Talou;w;2
1;Seyid;m;2
1;Tamara;w;2
1;Seymur;m;2
1;Tanja;w;2
1;Seyoum;m;2
1;Tarek;w;2
1;Shaban;m;2
1;Tariku;w;2
1;Shaibu;m;2
1;Tashi;w;2
1;Shakhawan;m;2
1;Tassnim;w;2
1;Shuhratovich;m;2
1;Temel;w;2
1;Sidar;m;2
1;Tesfamichael;w;2
1;Sıddık;m;2
1;Teteka;w;2
1;Siegmar;m;2
1;Theres;w;2
1;Sieh;m;2
1;Thilda;w;2
1;Sigi;m;2
1;Thuraia;w;2
1;Silas;m;2
1;Thy;w;2
1;Silvestar;m;2
1;Tiara;w;2
1;Simeonov;m;2
1;Tillich;w;2
1;Sinan;m;2
1;Tilly;w;2
1;Sinar;m;2
1;Timea;w;2
1;Sıraç;m;2
1;Tine;w;2
1;Sky;m;2
1;Titilope;w;2
1;Sofian;m;2
1;Todorova;w;2
1;Sohel;m;2
1;Toni;w;2
1;Sores;m;2
1;Trang;w;2
1;Soujoud;m;2
1;Türkay;w;2
1;Spasov;m;2
1;Ugomma;w;2
1;Stanislavov;m;2
1;Ugueosa;w;2
1;Stanley;m;2
1;Ulrike;w;2
1;Stefanov;m;2
1;Uta;w;2
1;Steffen;m;2
1;Valencia;w;2
1;Stipo;m;2
1;Valentiné;w;2
1;Suarez;m;2
1;Valerie;w;2
1;Sulaiman;m;2
1;Vanessa;w;2
1;Svetlin;m;2
1;Vincenza;w;2
1;Sylvester;m;2
1;Violetta;w;2
1;Taher;m;2
1;Vivian;w;2
1;Talu;m;2
1;Viviane;w;2
1;Tamer;m;2
1;Vivien;w;2
1;Tamo;m;2
1;Vivienne;w;2
1;Tan;m;2
1;Wanyu;w;2
1;Tapio;m;2
1;Wara;w;2
1;Taro;m;2
1;Weronika;w;2
1;Tassilo;m;2
1;Wilhelmine;w;2
1;Tay;m;2
1;Wilja;w;2
1;Tayo;m;2
1;Wilma;w;2
1;Tayyip;m;2
1;Winfriede;w;2
1;Taşkın;m;2
1;Wioletta;w;2
1;Tedou;m;2
1;Xiyu;w;2
1;Tefikov;m;2
1;Yamila;w;2
1;Teo;m;2
1;Yankova;w;2
1;Thabo;m;2
1;Yara;w;2
1;Thaddeus;m;2
1;Yawa;w;2
1;Thien;m;2
1;Yelé;w;2
1;Thomes;m;2
1;Yevgeniyevna;w;2
1;Tiago;m;2
1;Yoantova;w;2
1;Tiberius;m;2
1;Yohana;w;2
1;Tientcheu;m;2
1;Yuliyanova;w;2
1;Till;m;2
1;Yuriyan;w;2
1;Tilman;m;2
1;Zahide;w;2
1;Tilmann;m;2
1;Zahra;w;2
1;Tilo;m;2
1;Zaid;w;2
1;Tim;m;2
1;Zeia;w;2
1;Timo;m;2
1;Zelia;w;2
1;Timofeevich;m;2
1;Zeliha;w;2
1;Timothy;m;2
1;Zena;w;2
1;Tinchov;m;2
1;Zina;w;2
1;Tivadar;m;2
1;Zita;w;2
1;Tjorben;m;2
1;Ziying;w;2
1;Tkue;m;2
1;Zoya;w;2
1;Tobin;m;2
1;Zubairevna;w;2
1;Tobore;m;2
1;Zuzanna;w;2
1;Toja;m;2
1;Änne;w;2
1;Toma;m;2
1;Şenay;w;2
1;Toprak;m;2
1;Şifa;w;2
1;Tristan;m;2
1;Trung;m;2
1;Tufnell;m;2
1;Tunay;m;2
1;Tundzhay;m;2
1;Turan;m;2
1;Tuğra;m;2
1;Udo;m;2
1;Uka;m;2
1;Ulas;m;2
1;Uros;m;2
1;Uytdebroeks;m;2
1;Uzeyr;m;2
1;Val;m;2
1;Valerian;m;2
1;Vasilio;m;2
1;Vassilio;m;2
1;Vedat;m;2
1;Veli;m;2
1;Ventsislavov;m;2
1;Veselinov;m;2
1;Vicente;m;2
1;Victor;m;2
1;Viktor;m;2
1;Vincenzo;m;2
1;Vinzent;m;2
1;Vitale;m;2
1;Vitaliiovych;m;2
1;Vito;m;2
1;Vivaan;m;2
1;Vladimir;m;2
1;Vugar;m;2
1;Wai;m;2
1;Walain;m;2
1;Waldemar;m;2
1;Walter;m;2
1;Walther;m;2
1;Wang;m;2
1;Wataru;m;2
1;Wessley;m;2
1;Wilfrid;m;2
1;Willy;m;2
1;Wilm;m;2
1;Winfried;m;2
1;Winzalgu;m;2
1;Wodan;m;2
1;Xava;m;2
1;Xhem;m;2
1;Yakub;m;2
1;Yalçin;m;2
1;Yannik;m;2
1;Yannis;m;2
1;Yashnoor;m;2
1;Yavuz;m;2
1;Yağız;m;2
1;Yaşar;m;2
1;Yeshi;m;2
1;Yi;m;2
1;Yigit;m;2
1;Yihan;m;2
1;Yılmaz;m;2
1;Yines;m;2
1;Yohannes;m;2
1;Yona;m;2
1;Yonas;m;2
1;Yosifov;m;2
1;Yunes;m;2
1;Yuno;m;2
1;Yuseinov;m;2
1;Yuvrag;m;2
1;Yuzuki;m;2
1;Yvan;m;2
1;Zafer;m;2
1;Zaid;m;2
1;Zakaria;m;2
1;Zakay;m;2
1;Zaur;m;2
1;Zenon;m;2
1;Zeyd;m;2
1;Zeyn;m;2
1;Zhen;m;2
1;Zheyazkov;m;2
1;Zhuo;m;2
1;Zirui;m;2
1;Çağan;m;2
1;Çağtay;m;2
1;Çınar;m;2
1;Çinar;m;2
1;Özkan;m;2
1;Übbe;m;2
1;Şen;m;2
1;Ştefan;m;2
1;Şükrü;m;2
1;Aadhira;w;1
1;Aaleyah;w;1
1;Aalijah;w;1
1;Aamna;w;1
1;Abby;w;1
1;Abida;w;1
1;Abieyuwa;w;1
1;Abigail;w;1
1;Adaobi;w;1
1;Adelia;w;1
1;Adelina;w;1
1;Adelya;w;1
1;Adja;w;1
1;Adora;w;1
1;Adrienne;w;1
1;Afeni;w;1
1;Afnan;w;1
1;Aglaia;w;1
1;Agnes;w;1
1;Agnieszka;w;1
1;Aika;w;1
1;Aila;w;1
1;Aimee;w;1
1;Ajda;w;1
1;Aksitha;w;1
1;Ala;w;1
1;Alaa;w;1
1;Alana;w;1
1;Aleeza;w;1
1;Aleksandra;w;1
1;Alenia;w;1
1;Alessandra;w;1
1;Alessia-Melody;w;1
1;Alessya-Maria;w;1
1;Aleta;w;1
1;Alexa;w;1
1;Alexis;w;1
1;Aleyda;w;1
1;Aleyna-Emilia;w;1
1;Alia;w;1
1;Aliki;w;1
1;Alima;w;1
1;Aadhav;m;1
1;Aline;w;1
1;Aahil;m;1
1;Alisia;w;1
1;Aalim;m;1
1;Alisson;w;1
1;Aarin;m;1
1;Alita;w;1
1;Aarón;m;1
1;Aliya-Jolie;w;1
1;Aayan;m;1
1;Aljana;w;1
1;Abdalkerim;m;1
1;Alleana;w;1
1;Abdalrahman;m;1
1;Allissa;w;1
1;Abdelilah;m;1
1;Alma-Lotte;w;1
1;Abdelkarim;m;1
1;Altea;w;1
1;Abdoul;m;1
1;Aluna;w;1
1;Abdoullah-Daouda;m;1
1;Alyakout;w;1
1;Abdul;m;1
1;Alyana;w;1
1;Abdulkerim;m;1
1;Alysia;w;1
1;Abdulmalik;m;1
1;Alyssa;w;1
1;Abdulrahman;m;1
1;Amani;w;1
1;Abdurrahman;m;1
1;Amaris;w;1
1;Abel;m;1
1;Amaya;w;1
1;Abhay;m;1
1;Amaëlle;w;1
1;Abid;m;1
1;Amel;w;1
1;Abolfasel;m;1
1;Amelia-Josephine;w;1
1;Abraham;m;1
1;Amelle;w;1
1;Abtin;m;1
1;Amelli;w;1
1;Adam-Nathan;m;1
1;Amelya;w;1
1;Adamo;m;1
1;Amena;w;1
1;Adar;m;1
1;Amila;w;1
1;Adel;m;1
1;Aminah;w;1
1;Adham;m;1
1;Amivi;w;1
1;Admir;m;1
1;Amla;w;1
1;Adonai;m;1
1;Anabela;w;1
1;Adrian-Ares;m;1
1;Anabella;w;1
1;Adrijan;m;1
1;Anabelle;w;1
1;Aead;m;1
1;Analina;w;1
1;Aeyen;m;1
1;Anamaria;w;1
1;Agamjot;m;1
1;Anamjot;w;1
1;Agim;m;1
1;Anar;w;1
1;Agostino;m;1
1;Anastasija;w;1
1;Agron;m;1
1;Anastazja;w;1
1;Agâh;m;1
1;Anaya;w;1
1;Aidel;m;1
1;Anaëlle;w;1
1;Aineas;m;1
1;Anda;w;1
1;Akalyan;m;1
1;Andrea;w;1
1;Akay;m;1
1;Anela;w;1
1;Akhil;m;1
1;Anesa;w;1
1;Aki;m;1
1;Anette;w;1
1;Akim;m;1
1;Angeli;w;1
1;Akira;m;1
1;Anh;w;1
1;Akram;m;1
1;Anicia;w;1
1;Aktan;m;1
1;Anida;w;1
1;Alard;m;1
1;Anik;w;1
1;Aleem;m;1
1;Anika;w;1
1;Alejandro;m;1
1;Anisia;w;1
1;Aleksi;m;1
1;Anissia;w;1
1;Alen;m;1
1;Anita;w;1
1;Alend;m;1
1;Anjali;w;1
1;Alexandar;m;1
1;Anjeza;w;1
1;Alexandre;m;1
1;Anjolie;w;1
1;Alexandros-Joshua;m;1
1;Anka;w;1
1;Ali-Emre;m;1
1;Ankka;w;1
1;Alihan;m;1
1;Anna-Clara;w;1
1;Aliyar;m;1
1;Annabel;w;1
1;Allan;m;1
1;Annabella;w;1
1;Alon;m;1
1;Annalena;w;1
1;Alp;m;1
1;Annalie;w;1
1;Alpha;m;1
1;Annastasia;w;1
1;Alphan;m;1
1;Anne-Catherine;w;1
1;Alreza;m;1
1;Annie;w;1
1;Alseny;m;1
1;Antonela;w;1
1;Alsjon;m;1
1;Antonija;w;1
1;Altay;m;1
1;Anu;w;1
1;Amane;m;1
1;Anuk;w;1
1;Amani;m;1
1;Anya;w;1
1;Amarsher;m;1
1;Aoife;w;1
1;Amel;m;1
1;Aphrodite;w;1
1;Amelion;m;1
1;Aporajita;w;1
1;Amine;m;1
1;Arbana;w;1
1;Amor;m;1
1;Archisha;w;1
1;Amos;m;1
1;Areana;w;1
1;Ananda;m;1
1;Arfa;w;1
1;Anatolij;m;1
1;Ariadne;w;1
1;Ander;m;1
1;Arianna;w;1
1;Anes;m;1
1;Arin;w;1
1;Animuonyam;m;1
1;Ariona;w;1
1;Anmol;m;1
1;Arisa;w;1
1;Anookh;m;1
1;Armina;w;1
1;Anouar;m;1
1;Armonía;w;1
1;Ansgar;m;1
1;Arooj;w;1
1;Anteo;m;1
1;Arsema;w;1
1;Anthony;m;1
1;Ashanti;w;1
1;Antoni;m;1
1;Ashling;w;1
1;Antonino;m;1
1;Ashviha;w;1
1;Antonios;m;1
1;Asije;w;1
1;Antony;m;1
1;Asil;w;1
1;Anwit;m;1
1;Asiyat;w;1
1;Arad;m;1
1;Asja;w;1
1;Araf;m;1
1;Aslihan;w;1
1;Araik;m;1
1;Asma;w;1
1;Aram;m;1
1;Asmara;w;1
1;Arav;m;1
1;Aspasia;w;1
1;Araz;m;1
1;Assil;w;1
1;Archie;m;1
1;Asya-Emma;w;1
1;Arda-Kaan;m;1
1;Atina;w;1
1;Ardian;m;1
1;Atiya;w;1
1;Arif;m;1
1;Atrisa;w;1
1;Arijon;m;1
1;Audrey;w;1
1;Arik;m;1
1;Avan;w;1
1;Aristotelis;m;1
1;Avaş;w;1
1;Arjan;m;1
1;Aveline;w;1
1;Arjen;m;1
1;Avshin;w;1
1;Arjun;m;1
1;Avîn;w;1
1;Arm;m;1
1;Ayan;w;1
1;Arman;m;1
1;Ayana;w;1
1;Armando;m;1
1;Ayanna;w;1
1;Armani;m;1
1;Aybike;w;1
1;Arno;m;1
1;Ayesha;w;1
1;Arnold;m;1
1;Ayfer;w;1
1;Arsen;m;1
1;Ayisil;w;1
1;Art;m;1
1;Aylin-Melahat;w;1
1;Artan;m;1
1;Ayliz;w;1
1;Artem;m;1
1;Aymina;w;1
1;Artemian;m;1
1;Aynur;w;1
1;Arto;m;1
1;Aysegül;w;1
1;Arun;m;1
1;Aysima;w;1
1;Aryen;m;1
1;Ayumi;w;1
1;Ascanios;m;1
1;Azzurra;w;1
1;Aslan;m;1
1;Badia;w;1
1;Asllan;m;1
1;Bana;w;1
1;Assini;m;1
1;Barbara;w;1
1;Atakan;m;1
1;Basma;w;1
1;Atesh;m;1
1;Bayan;w;1
1;Athan;m;1
1;Beatris;w;1
1;Athir;m;1
1;Begüm;w;1
1;Atila;m;1
1;Beian;w;1
1;Atilla-Isik;m;1
1;Bele;w;1
1;Atin;m;1
1;Belin;w;1
1;Attila;m;1
1;Belinay;w;1
1;Audar;m;1
1;Bella-Sita;w;1
1;Audrey;m;1
1;Benedicta;w;1
1;August;m;1
1;Benita;w;1
1;Augustin;m;1
1;Bercem;w;1
1;Aulia;m;1
1;Berfin;w;1
1;Aurel;m;1
1;Berina;w;1
1;Aurelian;m;1
1;Berra;w;1
1;Auric;m;1
1;Berrin;w;1
1;Avan;m;1
1;Berta;w;1
1;Avedis;m;1
1;Besar;w;1
1;Avery;m;1
1;Bestan;w;1
1;Avidan;m;1
1;Bethel;w;1
1;Awal;m;1
1;Beyatriche;w;1
1;Axel;m;1
1;Beybûn;w;1
1;Aybars;m;1
1;Bianka;w;1
1;Aydin;m;1
1;Bibi;w;1
1;Ayhan;m;1
1;Biessahn;w;1
1;Aytaç;m;1
1;Bilge;w;1
1;Azat;m;1
1;Bincy;w;1
1;Azem;m;1
1;Bistra;w;1
1;Azim;m;1
1;Blanka;w;1
1;Aziz;m;1
1;Blessing;w;1
1;Babacan;m;1
1;Bo;w;1
1;Badie;m;1
1;Borges;w;1
1;Badreddine;m;1
1;Bruna;w;1
1;Bahauddin;m;1
1;Bushra;w;1
1;Bahr;m;1
1;Büschra;w;1
1;Bahri;m;1
1;Camila;w;1
1;Bajram;m;1
1;Can;w;1
1;Balthazar;m;1
1;Cana;w;1
1;Bao;m;1
1;Canan;w;1
1;Bardia;m;1
1;Carina;w;1
1;Barıs;m;1
1;Carolina;w;1
1;Bariș;m;1
1;Cassiopeia;w;1
1;Barkan;m;1
1;Catalea;w;1
1;Bartosz;m;1
1;Cataleah-Emilia;w;1
1;Basri;m;1
1;Catalina;w;1
1;Batu;m;1
1;Cateline;w;1
1;Baysolt;m;1
1;Catelynn;w;1
1;Bedir;m;1
1;Catherine;w;1
1;Bekim;m;1
1;Cattleya;w;1
1;Ben-Barış;m;1
1;Cayetana;w;1
1;Ben-Luca;m;1
1;Cedra;w;1
1;Benaiah;m;1
1;Celeste;w;1
1;Benaja;m;1
1;Cellestina;w;1
1;Benas;m;1
1;Celya;w;1
1;Benat;m;1
1;Celyna;w;1
1;Benett;m;1
1;Cennet;w;1
1;Benji;m;1
1;Ceyda;w;1
1;Benni;m;1
1;Chaahat;w;1
1;Bente;m;1
1;Chahd;w;1
1;Benua;m;1
1;Chalin;w;1
1;Beny;m;1
1;Charline;w;1
1;Beran;m;1
1;Chatchada;w;1
1;Berk;m;1
1;Chelsy;w;1
1;Berkan;m;1
1;Chimamanda;w;1
1;Berkin;m;1
1;Chioma;w;1
1;Bernhard;m;1
1;Chizuru;w;1
1;Bernward;m;1
1;Chleo;w;1
1;Besart;m;1
1;Chloe;w;1
1;Besnik;m;1
1;Chloé;w;1
1;Bidai;m;1
1;Christabel;w;1
1;Bilal-Emin;m;1
1;Chukwudumebi;w;1
1;Bilyan;m;1
1;Claire;w;1
1;Birhad;m;1
1;Claire-Malu;w;1
1;Bjane;m;1
1;Clara-Sophie;w;1
1;Blago;m;1
1;Claudia;w;1
1;Bleon;m;1
1;Cleandra;w;1
1;Blerim;m;1
1;Clémence;w;1
1;Bogdan;m;1
1;Collette-Michelle;w;1
1;Bora;m;1
1;Coralie;w;1
1;Borys;m;1
1;Cvetelina;w;1
1;Bosse;m;1
1;Cyrin;w;1
1;Botan;m;1
1;Dahlia;w;1
1;Botho;m;1
1;Dajena;w;1
1;Brahim;m;1
1;Dala;w;1
1;Brian-Emilio;m;1
1;Dalin;w;1
1;Budianto;m;1
1;Dalvina;w;1
1;Burak;m;1
1;Danai;w;1
1;Cagatay;m;1
1;Danaia;w;1
1;Caleb;m;1
1;Dania;w;1
1;Caleo;m;1
1;Daniella;w;1
1;Calogero;m;1
1;Dara;w;1
1;Calvin;m;1
1;Dariya;w;1
1;Camilo;m;1
1;Darya;w;1
1;Canluca;m;1
1;Davielle;w;1
1;Carsten;m;1
1;Davina;w;1
1;Cassius;m;1
1;Dayana;w;1
1;Cayden;m;1
1;Dayla;w;1
1;Cedric;m;1
1;Dea;w;1
1;Celal-Ömer;m;1
1;Deborah;w;1
1;Cenk;m;1
1;Delal;w;1
1;Cesur;m;1
1;Delav;w;1
1;Ceyhan;m;1
1;Delber;w;1
1;Charbel;m;1
1;Delia;w;1
1;Chidumeje;m;1
1;Delicia;w;1
1;Chimelumeze;m;1
1;Delilah;w;1
1;Chinazaekpere;m;1
1;Della;w;1
1;Chinguun;m;1
1;Delssa;w;1
1;Christian-Louis;m;1
1;Derin;w;1
1;Christoph;m;1
1;Derya;w;1
1;Chukwunedum;m;1
1;Desta;w;1
1;Ciel;m;1
1;Destia;w;1
1;Cihat;m;1
1;Devi;w;1
1;Ciro;m;1
1;Dila;w;1
1;Civan;m;1
1;Dilan;w;1
1;Ciwan;m;1
1;Dilayda;w;1
1;Claudio;m;1
1;Dilda;w;1
1;Clayton;m;1
1;Dioni;w;1
1;Confidence;m;1
1;Divine;w;1
1;Cooper;m;1
1;Diya;w;1
1;Corvin;m;1
1;Djuna;w;1
1;Cosmo;m;1
1;Doa;w;1
1;Cristiano;m;1
1;Dominika;w;1
1;Cuno;m;1
1;Donesa;w;1
1;Curtis;m;1
1;Donia;w;1
1;Célio;m;1
1;Donja;w;1
1;Dalal;m;1
1;Donna;w;1
1;Damiil;m;1
1;Donya;w;1
1;Danar;m;1
1;Dora;w;1
1;Dani;m;1
1;Dorela;w;1
1;Danijel;m;1
1;Doriella;w;1
1;Danny;m;1
1;Dorsa;w;1
1;Darino;m;1
1;Douce;w;1
1;Darion;m;1
1;Doğa;w;1
1;Daris;m;1
1;Débora;w;1
1;Dariush;m;1
1;Ebba;w;1
1;Darko;m;1
1;Ecem;w;1
1;Darlington;m;1
1;Eddie;w;1
1;Daron;m;1
1;Edelaweie;w;1
1;Darwin;m;1
1;Eden;w;1
1;Dastan;m;1
1;Edina;w;1
1;Dauan;m;1
1;Edith;w;1
1;David-Constantin;m;1
1;Eduarda;w;1
1;Davide-Emanuel;m;1
1;Eevke;w;1
1;Davino;m;1
1;Eflin;w;1
1;Davud;m;1
1;Efrata;w;1
1;Dawid;m;1
1;Eftychia;w;1
1;Deha;m;1
1;Eila;w;1
1;Deian;m;1
1;Eiladh;w;1
1;Dejwar;m;1
1;Eileen;w;1
1;Delgash;m;1
1;Ekaterini;w;1
1;Delujan;m;1
1;Ela-Lina;w;1
1;Demarco;m;1
1;Elaina;w;1
1;Demian;m;1
1;Elana;w;1
1;Demirhan;m;1
1;Elanur;w;1
1;Deniz-Fatih;m;1
1;Elara;w;1
1;Deren;m;1
1;Eldana;w;1
1;Destan;m;1
1;Eldina;w;1
1;Dev;m;1
1;Eleanor;w;1
1;Devarsh;m;1
1;Elef;w;1
1;Diam;m;1
1;Elene;w;1
1;Diamond;m;1
1;Elenora;w;1
1;Dian;m;1
1;Eleysa;w;1
1;Diaran;m;1
1;Elham;w;1
1;Dilhat;m;1
1;Elida;w;1
1;Diljit;m;1
1;Elida-Liya;w;1
1;Dilon;m;1
1;Elif-Esma;w;1
1;Dilyar;m;1
1;Elika;w;1
1;Dimitris-Konstantinos;m;1
1;Eliora;w;1
1;Dion;m;1
1;Elizabeth;w;1
1;Diren;m;1
1;Elizya;w;1
1;Divan;m;1
1;Eljana;w;1
1;Diyan;m;1
1;Ella-Fay;w;1
1;Django;m;1
1;Ella-Marie;w;1
1;Djulijan;m;1
1;Ellena;w;1
1;Don;m;1
1;Elliya;w;1
1;Dorian;m;1
1;Ellla;w;1
1;Dorjan;m;1
1;Elmina;w;1
1;Drilon;m;1
1;Elmira;w;1
1;Drini;m;1
1;Elvin;w;1
1;Dronav;m;1
1;Elvira;w;1
1;Duski;m;1
1;Elya;w;1
1;Džavid;m;1
1;Elâ;w;1
1;Ebosetale;m;1
1;Ema;w;1
1;Ebubekir;m;1
1;Emilia-Chiara;w;1
1;Ecrin;m;1
1;Emilia-Katharina;w;1
1;Ed;m;1
1;Emilia-Sophie;w;1
1;Edan;m;1
1;Emily-Sophie;w;1
1;Edda;m;1
1;Emira;w;1
1;Eddie;m;1
1;Emma-Marie;w;1
1;Eddy;m;1
1;Emma-Michelle;w;1
1;Edem;m;1
1;Emmily;w;1
1;Eden;m;1
1;Empress;w;1
1;Edouard;m;1
1;Emuwahen;w;1
1;Edris;m;1
1;Enaya;w;1
1;Eduardo;m;1
1;Eni;w;1
1;Edvard;m;1
1;Enia;w;1
1;Efran;m;1
1;Enilia;w;1
1;Eike;m;1
1;Enissa;w;1
1;Ejike;m;1
1;Eren;w;1
1;Eli;m;1
1;Erva;w;1
1;Elia-John;m;1
1;Esenia;w;1
1;Elias-Isaac;m;1
1;Eshal;w;1
1;Eliass;m;1
1;Esli;w;1
1;Elihan;m;1
1;Esmahan;w;1
1;Elija;m;1
1;Esra;w;1
1;Elijan;m;1
1;Esri;w;1
1;Elind;m;1
1;Essma;w;1
1;Elino;m;1
1;Esta;w;1
1;Elinor;m;1
1;Estella;w;1
1;Elior;m;1
1;Estelle;w;1
1;Eliot;m;1
1;Estera;w;1
1;Eliott;m;1
1;Eva-Marie;w;1
1;Eliseo;m;1
1;Evangelia;w;1
1;Eliyahs;m;1
1;Evelyna;w;1
1;Eliyan;m;1
1;Evgeniya;w;1
1;Elmar;m;1
1;Evra;w;1
1;Eloi;m;1
1;Ewedin;w;1
1;Elyan;m;1
1;Eylem;w;1
1;Emanuele;m;1
1;Ezana;w;1
1;Emi;m;1
1;Ezli;w;1
1;Emiel;m;1
1;Fabiana;w;1
1;Emil-Bruno;m;1
1;Fabienne;w;1
1;Emilio-Valentino;m;1
1;Faina;w;1
1;Emre-Can;m;1
1;Fanka;w;1
1;Eno;m;1
1;Fannie;w;1
1;Enric;m;1
1;Fanta;w;1
1;Enrico;m;1
1;Farah;w;1
1;Erdi;m;1
1;Farida;w;1
1;Erduan;m;1
1;Faridat;w;1
1;Erem;m;1
1;Farina;w;1
1;Ergys;m;1
1;Fatıma;w;1
1;Erian;m;1
1;Fatou;w;1
1;Erkhembayar;m;1
1;Fatoumata;w;1
1;Eron;m;1
1;Fay;w;1
1;Errikos;m;1
1;Felina;w;1
1;Ertan;m;1
1;Feline;w;1
1;Esed;m;1
1;Felissiana;w;1
1;Esmer;m;1
1;Felizia;w;1
1;Esparion;m;1
1;Fenia;w;1
1;Essey;m;1
1;Fenja;w;1
1;Ethan;m;1
1;Feride;w;1
1;Etkâ;m;1
1;Fernanda;w;1
1;Ettore;m;1
1;Feyza;w;1
1;Eytan;m;1
1;Fina-Marie;w;1
1;Eyvel;m;1
1;Finya;w;1
1;Eyyub;m;1
1;Fiorella;w;1
1;Ezan;m;1
1;Fiyin;w;1
1;Faahim;m;1
1;Fkad;w;1
1;Fabiano;m;1
1;Florence;w;1
1;Fabio-Leonardo;m;1
1;Floria;w;1
1;Fabrizio;m;1
1;Flóra;w;1
1;Fahrettin;m;1
1;Fortune;w;1
1;Faith-William;m;1
1;Franca;w;1
1;Falk;m;1
1;Frances;w;1
1;Falko;m;1
1;Franka;w;1
1;Fallou;m;1
1;Fria;w;1
1;Farhan;m;1
1;Fritza;w;1
1;Faris;m;1
1;Frizzi;w;1
1;Fariz;m;1
1;Fé;w;1
1;Federico;m;1
1;Féline;w;1
1;Felice;m;1
1;Gabriele;w;1
1;Feline;m;1
1;Gada;w;1
1;Felipe;m;1
1;Gaia;w;1
1;Feno;m;1
1;Galya;w;1
1;Ferenz;m;1
1;Geethika;w;1
1;Ferit;m;1
1;Gegeen;w;1
1;Ferman;m;1
1;Genevie;w;1
1;Fidan;m;1
1;Gennara;w;1
1;Fidel;m;1
1;Georgia;w;1
1;Fidelius;m;1
1;Gerda;w;1
1;Fil;m;1
1;Geta;w;1
1;Fin;m;1
1;Ghazal;w;1
1;Finnlay;m;1
1;Gina;w;1
1;Finnley;m;1
1;Ginevra;w;1
1;Firas;m;1
1;Gisèle;w;1
1;Fitz;m;1
1;Giulietta;w;1
1;Fjell;m;1
1;Glenna;w;1
1;Fjonn;m;1
1;Gracie;w;1
1;Flavio;m;1
1;Griva;w;1
1;Flinn;m;1
1;Grâce;w;1
1;Florens;m;1
1;Gurjaap;w;1
1;Florentin;m;1
1;Gökce;w;1
1;Floyd;m;1
1;Gökcen;w;1
1;Fox;m;1
1;Gülan;w;1
1;Francis;m;1
1;Gülnihal;w;1
1;Frank;m;1
1;Gülşen;w;1
1;Frederic;m;1
1;Gürcü;w;1
1;Frey;m;1
1;Hadeel;w;1
1;Fridolin;m;1
1;Hafize;w;1
1;Friedrich-Kasimir;m;1
1;Haifa;w;1
1;Félix;m;1
1;Hailin;w;1
1;Gabrijel;m;1
1;Hala;w;1
1;Gaetano;m;1
1;Halbin;w;1
1;Gaspare;m;1
1;Halime;w;1
1;Gazi;m;1
1;Hamida;w;1
1;Gene;m;1
1;Hanasa;w;1
1;Geremia;m;1
1;Hania;w;1
1;Gereon;m;1
1;Hanife;w;1
1;Gevorg;m;1
1;Hanin;w;1
1;Ghion;m;1
1;Hannah-Lena;w;1
1;Giamiro;m;1
1;Hasija;w;1
1;Gian;m;1
1;Hasna;w;1
1;Gianino-Michele;m;1
1;Haticenaz;w;1
1;Gianluca;m;1
1;Hatiçe;w;1
1;Gideon;m;1
1;Havin;w;1
1;Gino;m;1
1;Hawa;w;1
1;Gioia;m;1
1;Hawaa;w;1
1;Giovanni-Elias;m;1
1;Hayat;w;1
1;Giovanni-Noè;m;1
1;Haylie;w;1
1;Gjergj;m;1
1;Hazal;w;1
1;Gleb;m;1
1;Hazel;w;1
1;Glen;m;1
1;Heda;w;1
1;Godsway;m;1
1;Hedar;w;1
1;Godwill;m;1
1;Hedy;w;1
1;Goran;m;1
1;Heidi;w;1
1;Gos;m;1
1;Heliana;w;1
1;Gregor;m;1
1;Hella;w;1
1;Guilherme;m;1
1;Hellen;w;1
1;Gulian;m;1
1;Hellena;w;1
1;Gulsher;m;1
1;Helvin;w;1
1;Gumaa;m;1
1;Henni;w;1
1;Gurjot;m;1
1;Henrietta;w;1
1;Gurnav;m;1
1;Henry;w;1
1;Gustave;m;1
1;Hera;w;1
1;Guyenbat;m;1
1;Hermine;w;1
1;Gökalp;m;1
1;Hescha;w;1
1;Gökbay;m;1
1;Hetti;w;1
1;Göksel;m;1
1;Hevin;w;1
1;Göktuğ;m;1
1;Hevjin;w;1
1;Göktürk;m;1
1;Hewin;w;1
1;Gölge;m;1
1;Hiba;w;1
1;Güney-Berat;m;1
1;Hilal;w;1
1;Habib;m;1
1;Hiyab;w;1
1;Haci;m;1
1;Honey;w;1
1;Hacı;m;1
1;Hosna;w;1
1;Haitam;m;1
1;Houda;w;1
1;Halim;m;1
1;Hoàng;w;1
1;Hamdan;m;1
1;Humay;w;1
1;Hamdi;m;1
1;Iggy;w;1
1;Hamdija;m;1
1;İkra;w;1
1;Hamid;m;1
1;Ikra;w;1
1;Hanjo;m;1
1;Ikranur;w;1
1;Hans-Gereon;m;1
1;Ilaf;w;1
1;Hao;m;1
1;Ilana;w;1
1;Hardel;m;1
1;Ilaria;w;1
1;Hardi;m;1
1;Ilary;w;1
1;Harjot;m;1
1;İlayda;w;1
1;Harry;m;1
1;Ilean;w;1
1;Hashim;m;1
1;Ileyna;w;1
1;Hauke;m;1
1;Iliada;w;1
1;Hauraz;m;1
1;Ilien;w;1
1;Haval;m;1
1;Ilina;w;1
1;Hazal;m;1
1;Ilinca;w;1
1;Hazaq;m;1
1;Ilkin;w;1
1;Heinrich;m;1
1;Ilvi;w;1
1;Heinz;m;1
1;Ilvie;w;1
1;Henning;m;1
1;Ilvy-Mattea;w;1
1;Henock;m;1
1;İlça;w;1
1;Henok;m;1
1;Imogen;w;1
1;Henryk;m;1
1;Inara;w;1
1;Heyv;m;1
1;Inayah;w;1
1;Hiljar;m;1
1;Inga;w;1
1;Hirad;m;1
1;Inka;w;1
1;Hitano;m;1
1;Ioanna;w;1
1;Hoang;m;1
1;İpek;w;1
1;Hooman;m;1
1;Irem;w;1
1;Hosea;m;1
1;Irina;w;1
1;Hossein;m;1
1;Irma;w;1
1;Houd;m;1
1;Irmak;w;1
1;Hovan;m;1
1;Isa;w;1
1;Hussain;m;1
1;Isabelinha;w;1
1;Hussein;m;1
1;Isadora;w;1
1;Huzaifah;m;1
1;Ishita;w;1
1;Huzeiyfe;m;1
1;Isma;w;1
1;Hännes;m;1
1;İsra;w;1
1;Héros-Medley;m;1
1;İsraa;w;1
1;Hüseyin;m;1
1;Iulia;w;1
1;Hüseyn;m;1
1;Ivanka;w;1
1;Iancu-Gabriel;m;1
1;Ivi;w;1
1;Ianis;m;1
1;Ivy;w;1
1;Ibrahim-Sory;m;1
1;Iza;w;1
1;Ibrahima;m;1
1;Izabella;w;1
1;Idal;m;1
1;Jagmur;w;1
1;Idris;m;1
1;Jakob;w;1
1;İhsan;m;1
1;Jamila;w;1
1;Ijan;m;1
1;Jamile;w;1
1;Ika;m;1
1;Jamira;w;1
1;Iker;m;1
1;Jane;w;1
1;Ilak;m;1
1;Janet;w;1
1;Ilian;m;1
1;Janin;w;1
1;Ilija;m;1
1;Janina;w;1
1;Ilirian;m;1
1;Janine;w;1
1;Iliya;m;1
1;Jannah;w;1
1;İlkay;m;1
1;Jannat;w;1
1;İlmicem;m;1
1;Janneke;w;1
1;Imer;m;1
1;Jarin;w;1
1;Indi;m;1
1;Jashmiha;w;1
1;Ionut;m;1
1;Jasleen;w;1
1;Irchad;m;1
1;Jasmina;w;1
1;Irfan;m;1
1;Jasmine;w;1
1;İsa;m;1
1;Jelana;w;1
1;Isaiah;m;1
1;Jella;w;1
1;Isajah;m;1
1;Jemimah;w;1
1;Isak;m;1
1;Jenna;w;1
1;İshak;m;1
1;Jessi;w;1
1;Ishak;m;1
1;Jessia;w;1
1;Ishan;m;1
1;Jevrija-Christela;w;1
1;Ishaq;m;1
1;Jiajie;w;1
1;Ismael;m;1
1;Jil;w;1
1;İsmail-Ingo;m;1
1;Jin;w;1
1;Ismet;m;1
1;Jiwayna-Tilayna;w;1
1;İsmet;m;1
1;Jiyan;w;1
1;Issey;m;1
1;Joadan;w;1
1;Ivailo;m;1
1;Joanna-Maria;w;1
1;Ivaylo;m;1
1;Joelina;w;1
1;Iven;m;1
1;Joia;w;1
1;Ivo;m;1
1;Jola;w;1
1;Jabar;m;1
1;Jolanda;w;1
1;Jace;m;1
1;Jolie;w;1
1;Jad;m;1
1;Jolien;w;1
1;Jaden;m;1
1;Jona;w;1
1;Jafar;m;1
1;Josefin;w;1
1;Jafet;m;1
1;Josipa;w;1
1;Jagroop;m;1
1;Jouana-Mia;w;1
1;Jahangir-Eljahu;m;1
1;Joudia;w;1
1;Jaiden;m;1
1;Joustina;w;1
1;Jake;m;1
1;Jovita;w;1
1;Jakov;m;1
1;Judit;w;1
1;Jan-Henry;m;1
1;Judy;w;1
1;Janik;m;1
1;Juin;w;1
1;Jared;m;1
1;Jules;w;1
1;Jarle;m;1
1;Juliane;w;1
1;Jarne;m;1
1;Julija;w;1
1;Jarno;m;1
1;Julika;w;1
1;Jarvis;m;1
1;Julina;w;1
1;Jascha;m;1
1;Jun;w;1
1;Jasim;m;1
1;Junona;w;1
1;Jasse;m;1
1;Jusra;w;1
1;Jax;m;1
1;Justus;w;1
1;Jayden-Lee;m;1
1;Juyi;w;1
1;Jaylen;m;1
1;Kainat;w;1
1;Jelle;m;1
1;Kalea;w;1
1;Jemuel;m;1
1;Kali;w;1
1;Jenrik;m;1
1;Kaline;w;1
1;Jeremia;m;1
1;Kameliya;w;1
1;Jeremiah;m;1
1;Kamryn;w;1
1;Jeremias;m;1
1;Kania;w;1
1;Jeremie;m;1
1;Kasandra;w;1
1;Jerome;m;1
1;Katarina;w;1
1;Jersey;m;1
1;Katelyn;w;1
1;Jesper;m;1
1;Katherine;w;1
1;Jhonas;m;1
1;Kathi;w;1
1;Jibrail;m;1
1;Katja;w;1
1;Jill;m;1
1;Katrin;w;1
1;Jingteng;m;1
1;Kausar;w;1
1;Jirell;m;1
1;Kawthar;w;1
1;Jishan;m;1
1;Kaya;w;1
1;Joah;m;1
1;Kayera;w;1
1;Joan;m;1
1;Kayra;w;1
1;Joe;m;1
1;Kehlani;w;1
1;Joevany;m;1
1;Kemilija;w;1
1;Johanna;m;1
1;Kensa;w;1
1;Johanni;m;1
1;Kerith;w;1
1;Johnny;m;1
1;Khadidja;w;1
1;Jonas-Federico;m;1
1;Khatun;w;1
1;Jonasz;m;1
1;Khloe;w;1
1;Jonus;m;1
1;Khunaf;w;1
1;Jonáš;m;1
1;Kianaz;w;1
1;Joram;m;1
1;Kiara-Annabelle;w;1
1;Jordano;m;1
1;Kidon;w;1
1;Jordi;m;1
1;Kiko;w;1
1;Jordice;m;1
1;Kimara;w;1
1;Jos;m;1
1;Kimberly;w;1
1;Josch;m;1
1;Kimia;w;1
1;Josche;m;1
1;Kimyah;w;1
1;Josh;m;1
1;Kisanet;w;1
1;Josha;m;1
1;Klea;w;1
1;Josué;m;1
1;Klementine;w;1
1;José;m;1
1;Kokone;w;1
1;Jouna;m;1
1;Kome;w;1
1;João;m;1
1;Kora;w;1
1;Joël;m;1
1;Kosima;w;1
1;Juliano;m;1
1;Krista;w;1
1;Juni;m;1
1;Kristin;w;1
1;Junis-Lyas;m;1
1;Kyara;w;1
1;Jurin;m;1
1;Käthe;w;1
1;Jussi;m;1
1;Laarni;w;1
1;Justin;m;1
1;Lale;w;1
1;Jérôme;m;1
1;Lalin;w;1
1;Kacper;m;1
1;Lamees;w;1
1;Kadishi;m;1
1;Lania;w;1
1;Kadri;m;1
1;Laqueenta;w;1
1;Kaito;m;1
1;Lara-Melissa;w;1
1;Kajus;m;1
1;Lara-Sophie;w;1
1;Kaleb;m;1
1;Larin;w;1
1;Kalid;m;1
1;Larina;w;1
1;Kalkidan;m;1
1;Larissa;w;1
1;Kariuan;m;1
1;Latizia;w;1
1;Karl-Peter;m;1
1;Laureen;w;1
1;Karman;m;1
1;Laurena;w;1
1;Kasimir;m;1
1;Laurén;w;1
1;Kavyan;m;1
1;Lava;w;1
1;Kay;m;1
1;Lavanya;w;1
1;Kayra;m;1
1;Layal;w;1
1;Kayum;m;1
1;Layan;w;1
1;Keano;m;1
1;Layla-Layali;w;1
1;Keanu;m;1
1;Layla-Lovarkinja;w;1
1;Kebron;m;1
1;Lea-Louise;w;1
1;Kedar;m;1
1;Ledeyna;w;1
1;Kelly;m;1
1;Leela;w;1
1;Kersten;m;1
1;Leen;w;1
1;Keyhan;m;1
1;Leesha;w;1
1;Khalifa;m;1
1;Leevke;w;1
1;Kheri;m;1
1;Leia-Marie;w;1
1;Kiaan;m;1
1;Lelia;w;1
1;Kian-Valerio;m;1
1;Lena-Elisa;w;1
1;Kiano;m;1
1;Lena-Friederike;w;1
1;Kien;m;1
1;Lena-Marie;w;1
1;Kihan;m;1
1;Lene-Marie;w;1
1;King;m;1
1;Lenie;w;1
1;Kiran;m;1
1;Leonela;w;1
1;Kirian;m;1
1;Leonore;w;1
1;Kirill;m;1
1;Leontina;w;1
1;Klaas;m;1
1;Leontine;w;1
1;Knut;m;1
1;Leticia;w;1
1;Koby;m;1
1;Levke;w;1
1;Kolyo;m;1
1;Leydi;w;1
1;Konah;m;1
1;Li-Lian;w;1
1;Korhan;m;1
1;Lia-Amayah;w;1
1;Kotaro;m;1
1;Lian;w;1
1;Krasimir;m;1
1;Liandra;w;1
1;Krishiv;m;1
1;Lidya;w;1
1;Kristian;m;1
1;Lientje;w;1
1;Krisztiàn;m;1
1;Lieselotte;w;1
1;Krzysztof;m;1
1;Liesl;w;1
1;Ksawery;m;1
1;Lija;w;1
1;Kudeida;m;1
1;Lila;w;1
1;Kunibert;m;1
1;Lili;w;1
1;Kurt;m;1
1;Lilianna;w;1
1;Kuzey-Kayra;m;1
1;Liliya;w;1
1;Kyan;m;1
1;Lilja;w;1
1;Kyano;m;1
1;Liljana;w;1
1;Kyell;m;1
1;Lilla;w;1
1;Kyliams;m;1
1;Lilli-Marleen;w;1
1;Landyas;m;1
1;Lilliana;w;1
1;Lansana;m;1
1;Lilly-Sophie;w;1
1;Largo;m;1
1;Lilou;w;1
1;Latif;m;1
1;Lily-Nazeli;w;1
1;Lauand;m;1
1;Lily-Sofie;w;1
1;Laurent;m;1
1;Lilyane;w;1
1;Lauri;m;1
1;Lina-Sophie;w;1
1;Lauro;m;1
1;Line;w;1
1;Lavan;m;1
1;Linett;w;1
1;Lawin;m;1
1;Linja;w;1
1;Leandros;m;1
1;Linnéa;w;1
1;Leart;m;1
1;Liona;w;1
1;Ledion;m;1
1;Lisann;w;1
1;Leevi;m;1
1;Loah;w;1
1;Legend;m;1
1;Loena;w;1
1;Leith;m;1
1;Loisa;w;1
1;Lejs;m;1
1;Lojin;w;1
1;Lemi;m;1
1;Lolita;w;1
1;Lenard;m;1
1;Longen;w;1
1;Lennon;m;1
1;Loni;w;1
1;Leno;m;1
1;Lonni;w;1
1;Leo-Maximilian;m;1
1;Lora;w;1
1;Leonardo-Simeon;m;1
1;Lorayna;w;1
1;Leond;m;1
1;Loredana;w;1
1;Leone;m;1
1;Loreley;w;1
1;Leonel;m;1
1;Loressa;w;1
1;Leonez;m;1
1;Louna;w;1
1;Leonhard;m;1
1;Loveley;w;1
1;Leonid;m;1
1;Lovis;w;1
1;Leonidas;m;1
1;Lua;w;1
1;Levend;m;1
1;Luca;w;1
1;Levent;m;1
1;Lucreția;w;1
1;Leyan;m;1
1;Luja;w;1
1;Lezou;m;1
1;Lujain;w;1
1;Liam-Elias;m;1
1;Lula;w;1
1;Liam-Francisco;m;1
1;Luzia;w;1
1;Liam-Joel;m;1
1;Lykke;w;1
1;Liam-Owen;m;1
1;Lynn-Sofie;w;1
1;Liam-Sisley;m;1
1;Léana;w;1
1;Lijan;m;1
1;Ma;w;1
1;Lima;m;1
1;Maahlya;w;1
1;Limar;m;1
1;Maci;w;1
1;Lion-Lennox;m;1
1;Madlen;w;1
1;Lion-Ryan;m;1
1;Madzide;w;1
1;Lioz;m;1
1;Magda;w;1
1;Lirjon;m;1
1;Magnolia;w;1
1;Liron;m;1
1;Magy;w;1
1;Lis;m;1
1;Maha;w;1
1;llyas;m;1
1;Maham;w;1
1;Loai;m;1
1;Mahi;w;1
1;Lorent;m;1
1;Maida;w;1
1;Lorenz;m;1
1;Maike;w;1
1;Loris;m;1
1;Mailey;w;1
1;Louay;m;1
1;Maili;w;1
1;Loukas;m;1
1;Mailin;w;1
1;Luc;m;1
1;Mailén;w;1
1;Luca-Jordan;m;1
1;Maivi;w;1
1;Lucian;m;1
1;Makoma;w;1
1;Luciano;m;1
1;Maleena;w;1
1;Lucián;m;1
1;Mali;w;1
1;Lui;m;1
1;Maliah;w;1
1;Luien-Joel;m;1
1;Maliha;w;1
1;Luigi-Aryan;m;1
1;Malika;w;1
1;Luis-Eaven;m;1
1;Maliya;w;1
1;Luiz-Thomas;m;1
1;Malía;w;1
1;Lukman;m;1
1;Malú;w;1
1;Lunas;m;1
1;Manesa;w;1
1;Luqman;m;1
1;Manesse;w;1
1;Lyam;m;1
1;Manjana;w;1
1;Léo;m;1
1;Mannat;w;1
1;Maati;m;1
1;Manuela;w;1
1;Madalin;m;1
1;Mara-Sophia;w;1
1;Madou;m;1
1;Marah;w;1
1;Mahan;m;1
1;Maram;w;1
1;Mahdi;m;1
1;Maranella;w;1
1;Mahid;m;1
1;Mareike;w;1
1;Mahmoud;m;1
1;Maren;w;1
1;Mahmut;m;1
1;Margareta;w;1
1;Maik;m;1
1;Margaretha;w;1
1;Mailo;m;1
1;Margarita;w;1
1;Makan;m;1
1;Marian;w;1
1;Malak;m;1
1;Mariana;w;1
1;Malin;m;1
1;Marie-Lou;w;1
1;Malo;m;1
1;Marie-Louise;w;1
1;Mamoun;m;1
1;Marie-Raquel;w;1
1;Manav;m;1
1;Marielsa;w;1
1;Mani;m;1
1;Mariem;w;1
1;Maninder;m;1
1;Marija;w;1
1;Manjot;m;1
1;Marilen;w;1
1;Manolo;m;1
1;Marinela-Giulia;w;1
1;Manpreet;m;1
1;Marinella;w;1
1;Mansur;m;1
1;Marlen;w;1
1;Marceau;m;1
1;Marlien;w;1
1;Marcelo;m;1
1;Marlies;w;1
1;Marcus;m;1
1;Marlila;w;1
1;Marijan;m;1
1;Marya;w;1
1;Marius;m;1
1;Masume;w;1
1;Markus;m;1
1;Mavie;w;1
1;Marlin;m;1
1;Maximiliane;w;1
1;Marouane;m;1
1;Maxine;w;1
1;Marten;m;1
1;May-Lisa;w;1
1;Martino;m;1
1;Maya-Johanna;w;1
1;Marty;m;1
1;Maya-Nicol;w;1
1;Martín;m;1
1;Maya-Rose;w;1
1;Massimiliano;m;1
1;Mayada;w;1
1;Matea;m;1
1;Mayra;w;1
1;Matei;m;1
1;Maëlys;w;1
1;Mateo-Angel;m;1
1;Medina-Christin;w;1
1;Mathijs;m;1
1;Meera;w;1
1;Mathis;m;1
1;Meha;w;1
1;Mathius;m;1
1;Mejrem;w;1
1;Matin;m;1
1;Mela;w;1
1;Mattes;m;1
1;Melad;w;1
1;Matthis;m;1
1;Melani;w;1
1;Matz;m;1
1;Meliha;w;1
1;Maxim-Franjo;m;1
1;Melika;w;1
1;Maxime;m;1
1;Melina-Marie;w;1
1;Maximillian;m;1
1;Melissa-Doris;w;1
1;Maximus-Danielle;m;1
1;Meliyah;w;1
1;Mazlum;m;1
1;Melle;w;1
1;Maël;m;1
1;Melía;w;1
1;Medin;m;1
1;Merema;w;1
1;Megli;m;1
1;Meri;w;1
1;Mehdi;m;1
1;Meriam;w;1
1;Mehmed;m;1
1;Meriem;w;1
1;Meldi;m;1
1;Merima;w;1
1;Melih;m;1
1;Mersina;w;1
1;Melin;m;1
1;Mery;w;1
1;Memis;m;1
1;Merza;w;1
1;Menelik;m;1
1;Meta;w;1
1;Meo;m;1
1;Mex;w;1
1;Merlin;m;1
1;Mexìn;w;1
1;Mero;m;1
1;Mia-Adanna;w;1
1;Mesud;m;1
1;Mia-Charlott;w;1
1;Mica;m;1
1;Mia-Lucie;w;1
1;Micah;m;1
1;Mica;w;1
1;Michele;m;1
1;Mihrimah;w;1
1;Mickey;m;1
1;Mila-Mei;w;1
1;Mihail;m;1
1;Mila-Rose;w;1
1;Mihajlo;m;1
1;Milda;w;1
1;Mihran;m;1
1;Milen;w;1
1;Miio;m;1
1;Miley;w;1
1;Mikayel;m;1
1;Milia;w;1
1;Mikeal;m;1
1;Milidya;w;1
1;Mikel;m;1
1;Milikije;w;1
1;Mikka;m;1
1;Milina;w;1
1;Mikke;m;1
1;Millen;w;1
1;Miklas;m;1
1;Millie;w;1
1;Miles;m;1
1;Milou;w;1
1;Miljan;m;1
1;Mimi;w;1
1;Milot;m;1
1;Mimouna;w;1
1;Minas;m;1
1;Mimoza;w;1
1;Minel;m;1
1;Minel;w;1
1;Mino;m;1
1;Minna;w;1
1;Mir-Ayaz;m;1
1;Minu;w;1
1;Miracle;m;1
1;Mirabella;w;1
1;Miron;m;1
1;Miranda;w;1
1;Mirza;m;1
1;Mirella;w;1
1;Miró;m;1
1;Miria;w;1
1;Misbah;m;1
1;Mirijam;w;1
1;Mitchell;m;1
1;Mirola;w;1
1;Mitebkieta;m;1
1;Miruna;w;1
1;Mithat;m;1
1;Mishel;w;1
1;Mitja;m;1
1;Misra;w;1
1;Mićo;m;1
1;Miu;w;1
1;Mo;m;1
1;Miura;w;1
1;Mohammed-Farouk;m;1
1;Molly;w;1
1;Mohammed-Marwen;m;1
1;Momo;w;1
1;Moiz;m;1
1;Monica;w;1
1;Moktar;m;1
1;Mylène;w;1
1;Molli;m;1
1;Myriam;w;1
1;Monte;m;1
1;Mía;w;1
1;Monty;m;1
1;Müberra;w;1
1;Mordem;m;1
1;N'semi;w;1
1;Moreno;m;1
1;Nacira;w;1
1;Mostapha;m;1
1;Nadja;w;1
1;Mouad;m;1
1;Nahla;w;1
1;Mourad;m;1
1;Najet;w;1
1;Mourice;m;1
1;Nala;w;1
1;Moyi;m;1
1;Nalani;w;1
1;Muaaz;m;1
1;Nalia;w;1
1;Muaz;m;1
1;Nalin;w;1
1;Muhamad;m;1
1;Nana;w;1
1;Muhammet;m;1
1;Naouar;w;1
1;Muhimin;m;1
1;Nataly;w;1
1;Munasar;m;1
1;Nava;w;1
1;Munzur;m;1
1;Nawal;w;1
1;Musab;m;1
1;Naya;w;1
1;Mussa;m;1
1;Nayara;w;1
1;Muyu;m;1
1;Nayla;w;1
1;Muzaffer;m;1
1;Nayra;w;1
1;Muzamil;m;1
1;Nazli;w;1
1;Mylo;m;1
1;Nazlı;w;1
1;Myron;m;1
1;Nazret;w;1
1;Márcio;m;1
1;Naïma;w;1
1;Márton;m;1
1;Nea;w;1
1;Mâlik;m;1
1;Neda;w;1
1;Mürsel;m;1
1;Neela;w;1
1;Nabil;m;1
1;Neele;w;1
1;Naher;m;1
1;Nefel;w;1
1;Nahuel;m;1
1;Nefeli;w;1
1;Naid;m;1
1;Nejla;w;1
1;Nali;m;1
1;Nejra;w;1
1;Nami;m;1
1;Nel;w;1
1;Namy;m;1
1;Nela-Marie;w;1
1;Nando;m;1
1;Nele-Sophie;w;1
1;Nassim;m;1
1;Nelin;w;1
1;Natan;m;1
1;Nelit;w;1
1;Neal;m;1
1;Nell;w;1
1;Nebi;m;1
1;Nelli;w;1
1;Necati;m;1
1;Nellie;w;1
1;Nedim;m;1
1;Nelly;w;1
1;Nessim;m;1
1;Nena;w;1
1;Nguyen;m;1
1;Nene;w;1
1;Niako;m;1
1;Nephtali;w;1
1;Niam;m;1
1;Neros;w;1
1;Niclas;m;1
1;Nesibe;w;1
1;Nicolae;m;1
1;Nessa;w;1
1;Nicolai;m;1
1;Neva;w;1
1;Nicolaus;m;1
1;Nia;w;1
1;Nicolo;m;1
1;Nicole;w;1
1;Nicolás;m;1
1;Nicoleta;w;1
1;Nicolò;m;1
1;Nida;w;1
1;Nikan;m;1
1;Nieke;w;1
1;Nikola;m;1
1;Nifa;w;1
1;Nikolai;m;1
1;Nihan;w;1
1;Nikolaus;m;1
1;Nihira;w;1
1;Nil;m;1
1;Niki;w;1
1;Nisar;m;1
1;Nikki;w;1
1;Nishan;m;1
1;Nikola;w;1
1;Niyaz;m;1
1;Nikole;w;1
1;Noah-Elias;m;1
1;Nilima;w;1
1;Noah-Joel;m;1
1;Nilou;w;1
1;Noah-Luca;m;1
1;Nilvera;w;1
1;Noah-Miguel;m;1
1;Nima;w;1
1;Noar;m;1
1;Nira;w;1
1;Noe-Alexander;m;1
1;Nisanur;w;1
1;Nouri;m;1
1;Nissrin;w;1
1;Noé;m;1
1;Nita;w;1
1;Noël;m;1
1;Nneka;w;1
1;Nsimbo;m;1
1;Nora-Luisa;w;1
1;Nuvin;m;1
1;Norah;w;1
1;Nyam;m;1
1;Nosanin;w;1
1;Nyo;m;1
1;Nouria;w;1
1;Ocean;m;1
1;Noémie;w;1
1;Ohene;m;1
1;Nuray;w;1
1;ohne;m;1
1;Nya;w;1
1;Oktay;m;1
1;Nyah;w;1
1;Orhan;m;1
1;Oana;w;1
1;Osama;m;1
1;Oda;w;1
1;Oscars;m;1
1;Odil;w;1
1;Osewel;m;1
1;Odile;w;1
1;Osman;m;1
1;Ofureosa;w;1
1;Osman-Arif;m;1
1;Oona;w;1
1;Otar;m;1
1;Ora;w;1
1;Othman;m;1
1;Osinachi;w;1
1;Othniel;m;1
1;Osob;w;1
1;Otis;m;1
1;Ossiya;w;1
1;Otto;m;1
1;Otgonceren;w;1
1;Ouassim;m;1
1;Ovi;w;1
1;Ozan;m;1
1;Palina;w;1
1;Oğuzhan;m;1
1;Paola;w;1
1;Paco;m;1
1;Parishan;w;1
1;Panagiotis;m;1
1;Parissa;w;1
1;Pantaleon;m;1
1;Parla;w;1
1;Parsa;m;1
1;Parmasees;w;1
1;Parvaz;m;1
1;Parmys;w;1
1;Pascal;m;1
1;Peniela;w;1
1;Patrice;m;1
1;Pepe;w;1
1;Patryk;m;1
1;Peransa;w;1
1;Paul-Ferdinand;m;1
1;Peri;w;1
1;Paula;m;1
1;Perzhin;w;1
1;Paule;m;1
1;Petrina;w;1
1;Paulus;m;1
1;Pheline;w;1
1;Pavel;m;1
1;Pila;w;1
1;Peyam;m;1
1;Pippa;w;1
1;Philemon;m;1
1;Piya;w;1
1;Philian;m;1
1;Pola;w;1
1;Philippe;m;1
1;Polina;w;1
1;Philo;m;1
1;Poyraz;w;1
1;Piero;m;1
1;Pranwi;w;1
1;Pierre;m;1
1;Precious;w;1
1;Pieter;m;1
1;Princela;w;1
1;Pio;m;1
1;Priscilla;w;1
1;Pit;m;1
1;Puja;w;1
1;Piyar;m;1
1;Qingran;w;1
1;Prabhjot;m;1
1;Quds;w;1
1;Priam;m;1
1;Queen;w;1
1;Purav;m;1
1;Queen-Esther;w;1
1;Qamil;m;1
1;Rabita;w;1
1;Qaysar;m;1
1;Rada;w;1
1;Qiam;m;1
1;Rafif;w;1
1;Quentin;m;1
1;Rahel;w;1
1;Quirin;m;1
1;Rahma;w;1
1;Raban;m;1
1;Rahmi;w;1
1;Raber;m;1
1;Ramiza;w;1
1;Racim;m;1
1;Ramona;w;1
1;Radin;m;1
1;Rana;w;1
1;Rafaele;m;1
1;Rangin;w;1
1;Rafay;m;1
1;Rani;w;1
1;Rafet;m;1
1;Raonaf;w;1
1;Raffaele;m;1
1;Rasha;w;1
1;Raghav;m;1
1;Ratil;w;1
1;Rahand;m;1
1;Rebeca;w;1
1;Raheem;m;1
1;Rebecca;w;1
1;Rahman;m;1
1;Reem;w;1
1;Rai;m;1
1;Reese;w;1
1;Raik;m;1
1;Reina;w;1
1;Rajk;m;1
1;Rejin;w;1
1;Rajvir;m;1
1;Rena;w;1
1;Ramazan;m;1
1;Resa;w;1
1;Ramber;m;1
1;Revan;w;1
1;Ramnd;m;1
1;Rihab;w;1
1;Ramtin;m;1
1;Rihanna;w;1
1;Rangel;m;1
1;Rike;w;1
1;Rannsher;m;1
1;Riley;w;1
1;Raphale;m;1
1;Ritage;w;1
1;Rasmus;m;1
1;Rital;w;1
1;Rauand;m;1
1;Rodina;w;1
1;Raul;m;1
1;Romaisa;w;1
1;Rawa;m;1
1;Rona;w;1
1;Rawen;m;1
1;Rosalia;w;1
1;Rayyan;m;1
1;Rosalina;w;1
1;Raúl;m;1
1;Roscha;w;1
1;Rebar;m;1
1;Rose;w;1
1;Reber;m;1
1;Rosinda;w;1
1;Recep;m;1
1;Rowa;w;1
1;Reja;m;1
1;Roza;w;1
1;Rejhan;m;1
1;Rubi;w;1
1;Remo;m;1
1;Rubie;w;1
1;Remon;m;1
1;Rukevwe;w;1
1;Remus;m;1
1;Rukije;w;1
1;Renato;m;1
1;Ruqaja;w;1
1;Renáto;m;1
1;Saada;w;1
1;Reon;m;1
1;Saara;w;1
1;Resgar;m;1
1;Sabeha;w;1
1;Reza;m;1
1;Sabina;w;1
1;Riad;m;1
1;Sabrin;w;1
1;Rico;m;1
1;Safa;w;1
1;Rida;m;1
1;Safiye;w;1
1;Rio;m;1
1;Sahadet;w;1
1;Ritschard;m;1
1;Saida;w;1
1;Riyad;m;1
1;Saira;w;1
1;Roben;m;1
1;Sairambi;w;1
1;Roberto;m;1
1;Salemata;w;1
1;Roduslav;m;1
1;Sally;w;1
1;Rohat;m;1
1;Salsabil;w;1
1;Rojhad;m;1
1;Salwa;w;1
1;Rojwan;m;1
1;Sam;w;1
1;Roland;m;1
1;Samantha;w;1
1;Roma;m;1
1;Samara;w;1
1;Romano;m;1
1;Samira-Sofie;w;1
1;Romario;m;1
1;Samiyah;w;1
1;Ronaldo;m;1
1;Sanarya;w;1
1;Ronas;m;1
1;Sandra;w;1
1;Rosen;m;1
1;Sandy;w;1
1;Rouven;m;1
1;Sanem;w;1
1;Rrustem;m;1
1;Sanja;w;1
1;Ruben;m;1
1;Sanna;w;1
1;Rudolf;m;1
1;Santa;w;1
1;Rumand;m;1
1;Sanyana;w;1
1;Rune;m;1
1;Saral;w;1
1;Rüzgar;m;1
1;Sarang;w;1
1;Saad;m;1
1;Sare;w;1
1;Saair;m;1
1;Sarina;w;1
1;Saam;m;1
1;Sarya;w;1
1;Sabri;m;1
1;Sascha;w;1
1;Sachar;m;1
1;Saskia;w;1
1;Sadettin;m;1
1;Savanna;w;1
1;Safouan;m;1
1;Sayra;w;1
1;Sahil;m;1
1;Sazlin;w;1
1;Sai;m;1
1;Saïda;w;1
1;Said-Ali;m;1
1;Schana;w;1
1;Saif;m;1
1;Schelin;w;1
1;Sajeel;m;1
1;Schifa;w;1
1;Sajid;m;1
1;Sechil;w;1
1;Sajjan;m;1
1;Seima;w;1
1;Salem;m;1
1;Sejsana;w;1
1;Salih-Ensar;m;1
1;Selbiye;w;1
1;Salmaan;m;1
1;Selen;w;1
1;Salomon;m;1
1;Selima;w;1
1;Salvadore;m;1
1;Seline;w;1
1;Salvo;m;1
1;Selmedina;w;1
1;Salwador;m;1
1;Sema;w;1
1;Samal;m;1
1;Semira;w;1
1;Saman;m;1
1;Senada;w;1
1;Samian;m;1
1;Sephora;w;1
1;Samo;m;1
1;Sera;w;1
1;Samson;m;1
1;Serena;w;1
1;Samy;m;1
1;Setayesh;w;1
1;Sanamjot;m;1
1;Sevana;w;1
1;Sanchez;m;1
1;Sevda;w;1
1;Sancho;m;1
1;Sevde;w;1
1;Sandro;m;1
1;Sevil;w;1
1;Santiago;m;1
1;Shaaya;w;1
1;Sarhad;m;1
1;Shai;w;1
1;Sasa;m;1
1;Shaina;w;1
1;Sasha;m;1
1;Shakira;w;1
1;Saul-Samuiel;m;1
1;Shalien;w;1
1;Savas;m;1
1;Shanaia;w;1
1;Savaş;m;1
1;Shanaya;w;1
1;Savva;m;1
1;Shania;w;1
1;Sayan;m;1
1;Sharon;w;1
1;Sayfislam;m;1
1;Shayana;w;1
1;Schehid;m;1
1;Shayma;w;1
1;Scott;m;1
1;Shaïlly-Aurélia;w;1
1;Sebastiano;m;1
1;Shekrya;w;1
1;Sedat;m;1
1;Shila;w;1
1;Seddik;m;1
1;Shilan;w;1
1;Selmedin;m;1
1;Shiloh;w;1
1;Sem;m;1
1;Shira;w;1
1;Semi;m;1
1;Shiva;w;1
1;Semy;m;1
1;Shruti;w;1
1;Senad;m;1
1;Shukriya;w;1
1;Sened;m;1
1;Shushanik;w;1
1;Sepehr;m;1
1;Sia;w;1
1;Serdar;m;1
1;Sibel;w;1
1;Sergio;m;1
1;Siena;w;1
1;Serhat;m;1
1;Sılanur;w;1
1;Serigne;m;1
1;Silvana;w;1
1;Servet;m;1
1;Silvin;w;1
1;Sevan;m;1
1;Simal;w;1
1;Seyif;m;1
1;Simge;w;1
1;Seyit;m;1
1;Sivana;w;1
1;Sezcan;m;1
1;Siya;w;1
1;Shadi;m;1
1;Siyara;w;1
1;Shadrach;m;1
1;Skadi;w;1
1;Shaham;m;1
1;Sloan;w;1
1;Shameer;m;1
1;Snezhana;w;1
1;Shamik;m;1
1;Soey;w;1
1;Shamil;m;1
1;Sofia-Victoria;w;1
1;Sharbel;m;1
1;Sofija;w;1
1;Shayan;m;1
1;Sofiya;w;1
1;Sherhat;m;1
1;Soja;w;1
1;Shivansh;m;1
1;Solane;w;1
1;Shiwon;m;1
1;Soliana;w;1
1;Shokran;m;1
1;Solin;w;1
1;Shravan;m;1
1;Solyana;w;1
1;Shun;m;1
1;Sonja;w;1
1;Shyau;m;1
1;Sopohie;w;1
1;Simeon;m;1
1;Sorah;w;1
1;Simão;m;1
1;Soufia;w;1
1;Sinancan;m;1
1;Soumaiya;w;1
1;Sipan;m;1
1;Sozvin;w;1
1;Sıraç;m;1
1;Stina;w;1
1;Siyan;m;1
1;Sukeyna;w;1
1;Sky;m;1
1;Suki;w;1
1;Slavik;m;1
1;Sultane;w;1
1;Slobodan;m;1
1;Summer-Rose;w;1
1;Sod-Erdene;m;1
1;Suna;w;1
1;Soel;m;1
1;Sunanda;w;1
1;Sofijan;m;1
1;Sunas;w;1
1;Sonat;m;1
1;Sunny;w;1
1;Soner;m;1
1;Sure;w;1
1;Soufiane;m;1
1;Susanne;w;1
1;Soufyan;m;1
1;Suzan;w;1
1;Soulayman;m;1
1;Suzi;w;1
1;Sozdar;m;1
1;Svea;w;1
1;Stanisław;m;1
1;Svetla;w;1
1;Stavros;m;1
1;Swami;w;1
1;Stipe;m;1
1;Sylva;w;1
1;Storm;m;1
1;Sóley;w;1
1;Sulejman;m;1
1;Süheda;w;1
1;Sullivan;m;1
1;Sümbül;w;1
1;Sven;m;1
1;Sümeyye;w;1
1;Szymon;m;1
1;Taara;w;1
1;Taade;m;1
1;Talara;w;1
1;Taddeo;m;1
1;Talea;w;1
1;Talib;m;1
1;Talin;w;1
1;Tamer;m;1
1;Talina;w;1
1;Tamim;m;1
1;Tami;w;1
1;Taner;m;1
1;Tamiko;w;1
1;Tanyo;m;1
1;Tena;w;1
1;Tarek;m;1
1;Teniola;w;1
1;Tarık;m;1
1;Teodora;w;1
1;Tarles;m;1
1;Tess;w;1
1;Tassilo;m;1
1;Theda;w;1
1;Tawiah;m;1
1;Thelma;w;1
1;Tebbe;m;1
1;Theres;w;1
1;Tefik;m;1
1;Tia;w;1
1;Teim;m;1
1;Timea;w;1
1;Tejas;m;1
1;Timeea;w;1
1;Tenzin;m;1
1;Tina;w;1
1;Teodor;m;1
1;Tomke;w;1
1;Teoman;m;1
1;Tomoé;w;1
1;Thaddeus;m;1
1;Tori;w;1
1;Thaddäus;m;1
1;Tram;w;1
1;Theas;m;1
1;Trọng;w;1
1;Thees;m;1
1;Tshila;w;1
1;Theodoros;m;1
1;Tsvetelina;w;1
1;Theon;m;1
1;Tuba;w;1
1;Thodor;m;1
1;Tugce;w;1
1;Thor;m;1
1;Tülin;w;1
1;Tiam;m;1
1;Türkan;w;1
1;Tian;m;1
1;Umay;w;1
1;Tiberiu;m;1
1;Usman;w;1
1;Tibo;m;1
1;Uswa;w;1
1;Tico;m;1
1;Uxue;w;1
1;Til;m;1
1;Vaina;w;1
1;Tilata;m;1
1;Valea;w;1
1;Tilman;m;1
1;Vana;w;1
1;Tilyan;m;1
1;Vanesa;w;1
1;Timm;m;1
1;Vanja;w;1
1;Timéo;m;1
1;Varvara;w;1
1;Tino;m;1
1;Velia;w;1
1;Tins;m;1
1;Velvet;w;1
1;Tinus;m;1
1;Venkata;w;1
1;Tio;m;1
1;Verica;w;1
1;Tius;m;1
1;Veronica;w;1
1;Tizian;m;1
1;Veronika;w;1
1;Tjan;m;1
1;Vesta;w;1
1;Tjark;m;1
1;Vian;w;1
1;Tjore;m;1
1;Vida;w;1
1;Tll;m;1
1;Violetta;w;1
1;Toma;m;1
1;Viona;w;1
1;Tomi;m;1
1;Vittoria;w;1
1;Tommaso;m;1
1;Vivian;w;1
1;Toprak;m;1
1;Vivienne;w;1
1;Toprak-Said;m;1
1;Vojana;w;1
1;Tore;m;1
1;Walina;w;1
1;Toren;m;1
1;Wanda;w;1
1;Torin;m;1
1;Wanja;w;1
1;Tresor;m;1
1;Whitney;w;1
1;Troy;m;1
1;Wiana;w;1
1;Tsong;m;1
1;Wilhelmina;w;1
1;Tugra;m;1
1;Winja;w;1
1;Tumani;m;1
1;Wiona;w;1
1;Tuna;m;1
1;Xhesika;w;1
1;Tunahan;m;1
1;Ximing;w;1
1;Tunay;m;1
1;Yade;w;1
1;Tuncay;m;1
1;Yakout;w;1
1;Turay;m;1
1;Yalda;w;1
1;Tyson;m;1
1;Yasemin;w;1
1;Ubeyd;m;1
1;Yasmina;w;1
1;Uhud;m;1
1;Yiyi;w;1
1;Ulises;m;1
1;Yiyuan;w;1
1;Umair;m;1
1;Ylvie;w;1
1;Umar;m;1
1;Ynabiel;w;1
1;Umed;m;1
1;Yodit;w;1
1;Umud;m;1
1;Yolanda;w;1
1;Umüt;m;1
1;Yosra;w;1
1;Urdrick;m;1
1;Yuliyana;w;1
1;Urven;m;1
1;Yumi;w;1
1;Van;m;1
1;Yutong;w;1
1;Vane;m;1
1;Yuxi;w;1
1;Varun;m;1
1;Yva;w;1
1;Vasil;m;1
1;Yvette;w;1
1;Ved;m;1
1;Zaina;w;1
1;Veer;m;1
1;Zainab;w;1
1;Veldin;m;1
1;Zali;w;1
1;Velensio;m;1
1;Zanura;w;1
1;Vesko;m;1
1;Zayneb;w;1
1;Vinan;m;1
1;Zeina;w;1
1;Viniith;m;1
1;Zeleikha;w;1
1;Viton;m;1
1;Zella;w;1
1;Vitus;m;1
1;Zema;w;1
1;Vu;m;1
1;Zenepa;w;1
1;Wali;m;1
1;Zevin;w;1
1;Walid;m;1
1;Zeynab;w;1
1;Wasim;m;1
1;Zeynep-Nur;w;1
1;Weles;m;1
1;Zina;w;1
1;Wendelin;m;1
1;Ziva;w;1
1;Wilbur;m;1
1;Zişan;w;1
1;Winni;m;1
1;Zoi;w;1
1;Wolf;m;1
1;Zora;w;1
1;Wotan;m;1
1;Zukra;w;1
1;Yacoub;m;1
1;Zuzanna;w;1
1;Yael;m;1
1;Änne;w;1
1;Yagiz;m;1
1;Édith;w;1
1;Yahia;m;1
1;Éliane;w;1
1;Yakoub;m;1
1;Íris;w;1
1;Yakup;m;1
1;Ömer;w;1
1;Yamac;m;1
1;Ülkü;w;1
1;Yamin;m;1
1;Ümmü;w;1
1;Yanglei;m;1
1;Ürküsh;w;1
1;Yanis;m;1
1;Şevval;w;1
1;Yann;m;1
1;Şilan;w;1
1;Yannis;m;1
1;Şura;w;1
1;Yaren;m;1
1;Şüheda;w;1
1;Yaron;m;1
1;Šaha;w;1
1;Yasan;m;1
1;Yasemin;m;1
1;Yaser;m;1
1;Yash;m;1
1;Yasho;m;1
1;Yasir;m;1
1;Yassine;m;1
1;Yavor;m;1
1;Yavuz;m;1
1;Yazdan;m;1
1;Yesen;m;1
1;Yihan;m;1
1;Yilmaz;m;1
1;Ylli;m;1
1;Yoah;m;1
1;Yoko;m;1
1;Yordan;m;1
1;Yosef;m;1
1;Youba;m;1
1;Youness;m;1
1;Younis;m;1
1;Yousif;m;1
1;Yunis;m;1
1;Yuri;m;1
1;Yusof;m;1
1;Zait;m;1
1;Zakaria;m;1
1;Zakir;m;1
1;Zayd;m;1
1;Zayn;m;1
1;Zen;m;1
1;Zerezghi;m;1
1;Zeyd;m;1
1;Zeyn;m;1
1;Ziad;m;1
1;Ziggy;m;1
1;Zoja;m;1
1;Zooey;m;1
1;Zubair;m;1
1;Zuma;m;1
1;Zóltan;m;1
1;Álvaro;m;1
1;Çengiz;m;1
1;Çinar;m;1
1;Çınarhan;m;1
1;Ömür;m;1
1;Şamil;m;1
1;Ştefan-Andrei;m;1
1;Šaban;m;1
1;Šerif;m;1
